[{"model": "jet.bookmark", "pk": 1, "fields": {"url": "http://127.0.0.1:8000/admin-soins/soins/", "title": "Amministrazione Soins", "user": 1, "date_add": "2019-01-30T08:13:41.631Z"}}, {"model": "contenttypes.contenttype", "pk": 1, "fields": {"app_label": "admin", "model": "logentry"}}, {"model": "contenttypes.contenttype", "pk": 2, "fields": {"app_label": "auth", "model": "permission"}}, {"model": "contenttypes.contenttype", "pk": 3, "fields": {"app_label": "auth", "model": "group"}}, {"model": "contenttypes.contenttype", "pk": 4, "fields": {"app_label": "auth", "model": "user"}}, {"model": "contenttypes.contenttype", "pk": 5, "fields": {"app_label": "contenttypes", "model": "contenttype"}}, {"model": "contenttypes.contenttype", "pk": 6, "fields": {"app_label": "sessions", "model": "session"}}, {"model": "contenttypes.contenttype", "pk": 7, "fields": {"app_label": "soins", "model": "care"}}, {"model": "contenttypes.contenttype", "pk": 8, "fields": {"app_label": "soins", "model": "family_care"}}, {"model": "contenttypes.contenttype", "pk": 9, "fields": {"app_label": "jet", "model": "bookmark"}}, {"model": "contenttypes.contenttype", "pk": 10, "fields": {"app_label": "jet", "model": "pinnedapplication"}}, {"model": "contenttypes.contenttype", "pk": 11, "fields": {"app_label": "wagtailcore", "model": "page"}}, {"model": "contenttypes.contenttype", "pk": 12, "fields": {"app_label": "wagtailimages", "model": "image"}}, {"model": "contenttypes.contenttype", "pk": 13, "fields": {"app_label": "wagtailadmin", "model": "admin"}}, {"model": "contenttypes.contenttype", "pk": 14, "fields": {"app_label": "wagtaildocs", "model": "document"}}, {"model": "contenttypes.contenttype", "pk": 15, "fields": {"app_label": "blog", "model": "blogindexpage"}}, {"model": "contenttypes.contenttype", "pk": 16, "fields": {"app_label": "blog", "model": "blogpage"}}, {"model": "contenttypes.contenttype", "pk": 17, "fields": {"app_label": "blog", "model": "blogpagegalleryimage"}}, {"model": "contenttypes.contenttype", "pk": 18, "fields": {"app_label": "wagtailforms", "model": "formsubmission"}}, {"model": "contenttypes.contenttype", "pk": 19, "fields": {"app_label": "wagtailredirects", "model": "redirect"}}, {"model": "contenttypes.contenttype", "pk": 20, "fields": {"app_label": "wagtailembeds", "model": "embed"}}, {"model": "contenttypes.contenttype", "pk": 21, "fields": {"app_label": "wagtailusers", "model": "userprofile"}}, {"model": "contenttypes.contenttype", "pk": 22, "fields": {"app_label": "wagtailimages", "model": "rendition"}}, {"model": "contenttypes.contenttype", "pk": 23, "fields": {"app_label": "wagtailsearch", "model": "query"}}, {"model": "contenttypes.contenttype", "pk": 24, "fields": {"app_label": "wagtailsearch", "model": "querydailyhits"}}, {"model": "contenttypes.contenttype", "pk": 25, "fields": {"app_label": "wagtailcore", "model": "grouppagepermission"}}, {"model": "contenttypes.contenttype", "pk": 26, "fields": {"app_label": "wagtailcore", "model": "pagerevision"}}, {"model": "contenttypes.contenttype", "pk": 27, "fields": {"app_label": "wagtailcore", "model": "pageviewrestriction"}}, {"model": "contenttypes.contenttype", "pk": 28, "fields": {"app_label": "wagtailcore", "model": "site"}}, {"model": "contenttypes.contenttype", "pk": 29, "fields": {"app_label": "wagtailcore", "model": "collection"}}, {"model": "contenttypes.contenttype", "pk": 30, "fields": {"app_label": "wagtailcore", "model": "groupcollectionpermission"}}, {"model": "contenttypes.contenttype", "pk": 31, "fields": {"app_label": "wagtailcore", "model": "collectionviewrestriction"}}, {"model": "contenttypes.contenttype", "pk": 32, "fields": {"app_label": "taggit", "model": "tag"}}, {"model": "contenttypes.contenttype", "pk": 33, "fields": {"app_label": "taggit", "model": "taggeditem"}}, {"model": "sessions.session", "pk": "2pkcivjxaytrdxh1as56d6d2cjf1jlpk", "fields": {"session_data": "NmYxYzFjNmRjMjZiMDc2OTllMDcyNjg5NzIzYjgzNjFhN2M4YWQ5MDp7Il9hdXRoX3VzZXJfaWQiOiIxIiwiX2F1dGhfdXNlcl9iYWNrZW5kIjoiZGphbmdvLmNvbnRyaWIuYXV0aC5iYWNrZW5kcy5Nb2RlbEJhY2tlbmQiLCJfYXV0aF91c2VyX2hhc2giOiJlY2Q0NTA3MzhjNWZkNzJlMWQyOTYyMzZkMjk0ZmNjMjBkNzZjZDExIiwiX2xhbmd1YWdlIjoiZnIifQ==", "expire_date": "2019-02-05T15:49:08.690Z"}}, {"model": "sessions.session", "pk": "2tu9gw9bqz83sx9m8fvzdx8thm4upk9b", "fields": {"session_data": "YTdmNDc0YmFhNWY2NDA3MzUwMjBiZmFlMGIzZTc5ODUzNTJkNjA3Nzp7Il9hdXRoX3VzZXJfaWQiOiIxIiwiX2F1dGhfdXNlcl9iYWNrZW5kIjoiZGphbmdvLmNvbnRyaWIuYXV0aC5iYWNrZW5kcy5Nb2RlbEJhY2tlbmQiLCJfYXV0aF91c2VyX2hhc2giOiJlY2Q0NTA3MzhjNWZkNzJlMWQyOTYyMzZkMjk0ZmNjMjBkNzZjZDExIn0=", "expire_date": "2019-02-12T13:40:33.022Z"}}, {"model": "sessions.session", "pk": "ay6pll2dskmelj94tcsivwvg6uojctuu", "fields": {"session_data": "MmQ3NDEzYzAzZTQzYmM5ZjkzN2E3OTQ1NGM3YWU0MzczOWQ2ZWJjNzp7Il9sYW5ndWFnZSI6Iml0In0=", "expire_date": "2019-02-01T12:38:59.784Z"}}, {"model": "sessions.session", "pk": "e0kjxt2cy7vvhewnreoom4i94rmrheui", "fields": {"session_data": "YzdkYmY3NWJhZjU4YWRhYWJhNjMzM2ZiYTRhMTdjZDk2YWFiODM2Njp7Il9hdXRoX3VzZXJfaWQiOiIxIiwiX2F1dGhfdXNlcl9iYWNrZW5kIjoiZGphbmdvLmNvbnRyaWIuYXV0aC5iYWNrZW5kcy5Nb2RlbEJhY2tlbmQiLCJfYXV0aF91c2VyX2hhc2giOiJlY2Q0NTA3MzhjNWZkNzJlMWQyOTYyMzZkMjk0ZmNjMjBkNzZjZDExIiwiX2xhbmd1YWdlIjoiaXQifQ==", "expire_date": "2019-01-02T12:58:37.900Z"}}, {"model": "sessions.session", "pk": "kayhqluh3st618181qlnur8vgdhz9not", "fields": {"session_data": "NjA2YjNhOGEzZDUzYzQ4ZDZiOGFkODA0NmEwZjQxNThkYmU2NDgxODp7Il9sYW5ndWFnZSI6Iml0IiwiX2F1dGhfdXNlcl9pZCI6IjEiLCJfYXV0aF91c2VyX2JhY2tlbmQiOiJkamFuZ28uY29udHJpYi5hdXRoLmJhY2tlbmRzLk1vZGVsQmFja2VuZCIsIl9hdXRoX3VzZXJfaGFzaCI6ImVjZDQ1MDczOGM1ZmQ3MmUxZDI5NjIzNmQyOTRmY2MyMGQ3NmNkMTEifQ==", "expire_date": "2019-01-09T11:04:46.077Z"}}, {"model": "sessions.session", "pk": "kgtal870ufsih44zkqnizin1extpuilf", "fields": {"session_data": "Njk3NWU1NTdmMDMzMjg1ODFmNzdmNjI2ZjBiZTRmYzNhMzg2NzNhMTp7Il9sYW5ndWFnZSI6ImZyIn0=", "expire_date": "2019-02-07T16:25:31.953Z"}}, {"model": "sessions.session", "pk": "ljiju74bnc3q8ew20gz7vcx2ybqhk79n", "fields": {"session_data": "YzdkYmY3NWJhZjU4YWRhYWJhNjMzM2ZiYTRhMTdjZDk2YWFiODM2Njp7Il9hdXRoX3VzZXJfaWQiOiIxIiwiX2F1dGhfdXNlcl9iYWNrZW5kIjoiZGphbmdvLmNvbnRyaWIuYXV0aC5iYWNrZW5kcy5Nb2RlbEJhY2tlbmQiLCJfYXV0aF91c2VyX2hhc2giOiJlY2Q0NTA3MzhjNWZkNzJlMWQyOTYyMzZkMjk0ZmNjMjBkNzZjZDExIiwiX2xhbmd1YWdlIjoiaXQifQ==", "expire_date": "2019-02-13T08:17:37.793Z"}}, {"model": "sessions.session", "pk": "qj5zqq0qiuejqpr8vc0zi4bxduupxrkz", "fields": {"session_data": "NjA2YjNhOGEzZDUzYzQ4ZDZiOGFkODA0NmEwZjQxNThkYmU2NDgxODp7Il9sYW5ndWFnZSI6Iml0IiwiX2F1dGhfdXNlcl9pZCI6IjEiLCJfYXV0aF91c2VyX2JhY2tlbmQiOiJkamFuZ28uY29udHJpYi5hdXRoLmJhY2tlbmRzLk1vZGVsQmFja2VuZCIsIl9hdXRoX3VzZXJfaGFzaCI6ImVjZDQ1MDczOGM1ZmQ3MmUxZDI5NjIzNmQyOTRmY2MyMGQ3NmNkMTEifQ==", "expire_date": "2019-01-23T08:13:05.546Z"}}, {"model": "soins.family_care", "pk": 1, "fields": {"name": "Soin des ongles et des mains", "name_it": "Manicure", "description": "Soin des ongles et des mains", "display_order": 100}}, {"model": "soins.family_care", "pk": 2, "fields": {"name": "Soins des Pieds", "name_it": "Pedicure", "description": "(P\u00e9dicure - Gommage - Cr\u00e8me - Modelage)", "display_order": 200}}, {"model": "soins.family_care", "pk": 3, "fields": {"name": "Epilation", "name_it": "Depilazione", "description": "", "display_order": 300}}, {"model": "soins.family_care", "pk": 4, "fields": {"name": "Soins du visage", "name_it": "Viso", "description": "", "display_order": 400}}, {"model": "soins.care", "pk": 1, "fields": {"name": "Manucure - pose de vernis", "name_it": "Manicure - smalto normale", "family": 1, "price": "10", "price_it": "10", "display_order": 100}}, {"model": "soins.care", "pk": 2, "fields": {"name": "Manucure - pose de vernis semi-permament", "name_it": "Manicure - smalto semi-permanente", "family": 1, "price": "15", "price_it": "15", "display_order": 200}}, {"model": "soins.care", "pk": 3, "fields": {"name": "Soin des mains (manucure - pose de vernis)", "name_it": "Cura delle mani (Manicure - smalto normale)", "family": 1, "price": "20", "price_it": "20", "display_order": 300}}, {"model": "soins.care", "pk": 4, "fields": {"name": "Soins des mains (manucure - pose de vernis semi-permanent)", "name_it": "Cura delle mani (Manicure - smalto semi-permanente)", "family": 1, "price": "25", "price_it": "25", "display_order": 400}}, {"model": "soins.care", "pk": 5, "fields": {"name": "Pose compl\u00e8te de gel (avec capsules)", "name_it": "Ricostruzione gel", "family": 1, "price": "40", "price_it": "40", "display_order": 500}}, {"model": "soins.care", "pk": 6, "fields": {"name": "Pose gel sur ongles naturels", "name_it": "Ricostruzione gel", "family": 1, "price": "30", "price_it": "30", "display_order": 600}}, {"model": "soins.care", "pk": 7, "fields": {"name": "Remplissage gel", "name_it": "Copertura gel", "family": 1, "price": "30", "price_it": "30", "display_order": 700}}, {"model": "soins.care", "pk": 8, "fields": {"name": "Manucure homme", "name_it": "Manicure uomo", "family": 1, "price": "8", "price_it": "8", "display_order": 800}}, {"model": "soins.care", "pk": 9, "fields": {"name": "Beaut\u00e9 des pieds - pose de vernis", "name_it": "Pedicure", "family": 2, "price": "18", "price_it": "15", "display_order": 900}}, {"model": "soins.care", "pk": 10, "fields": {"name": "Beaut\u00e9 des pieds - pose de vernis semi-permanent", "name_it": "Pedicure smalto normale", "family": 2, "price": "23", "price_it": "20", "display_order": 1000}}, {"model": "soins.care", "pk": 11, "fields": {"name": "Beaut\u00e9 des pieds - pose de gel", "name_it": "Pedicure - copertura gel", "family": 2, "price": "35", "price_it": "35", "display_order": 1100}}, {"model": "soins.care", "pk": 12, "fields": {"name": "Beaut\u00e9 des pieds - homme", "name_it": "Pedicure uomo", "family": 2, "price": "15", "price_it": "15", "display_order": 1200}}, {"model": "soins.care", "pk": 13, "fields": {"name": "Sourcils - entretien", "name_it": "Sopracciglia - manutenzione", "family": 3, "price": "4", "price_it": "4", "display_order": 1300}}, {"model": "soins.care", "pk": 14, "fields": {"name": "Sourcils - cr\u00e9ation", "name_it": "Sopracciglia - disegno", "family": 3, "price": "7", "price_it": "7", "display_order": 1400}}, {"model": "soins.care", "pk": 15, "fields": {"name": "L\u00e8vres", "name_it": "Bafetti", "family": 3, "price": "4", "price_it": "4", "display_order": 1500}}, {"model": "soins.care", "pk": 16, "fields": {"name": "Aiselles", "name_it": "Ascelle", "family": 3, "price": "6", "price_it": "0", "display_order": 1600}}, {"model": "soins.care", "pk": 17, "fields": {"name": "Maillot classique", "name_it": "Inguine  clasico", "family": 3, "price": "10", "price_it": "10", "display_order": 1700}}, {"model": "soins.care", "pk": 18, "fields": {"name": "Maillot Br\u00e9silien", "name_it": "Inguine disegno", "family": 3, "price": "12", "price_it": "12", "display_order": 1800}}, {"model": "soins.care", "pk": 19, "fields": {"name": "Maillot int\u00e9gral", "name_it": "Inguine integral", "family": 3, "price": "15", "price_it": "15", "display_order": 1900}}, {"model": "soins.care", "pk": 20, "fields": {"name": "Demi-jambes", "name_it": "Gamba 1/2", "family": 3, "price": "10", "price_it": "10", "display_order": 2000}}, {"model": "soins.care", "pk": 21, "fields": {"name": "Jambes enti\u00e8res", "name_it": "Gamba inera + inguine", "family": 3, "price": "15", "price_it": "15", "display_order": 2100}}, {"model": "soins.care", "pk": 22, "fields": {"name": "Soins nettoyants de 45 minutes - Purifiant", "name_it": "Pulizia viso - purificazione", "family": 4, "price": "22", "price_it": "20", "display_order": 2200}}, {"model": "soins.care", "pk": 23, "fields": {"name": "Soins nettoyants de 45 minutes - Hydratant", "name_it": "Pulizia viso - Idratante", "family": 4, "price": "22", "price_it": "20", "display_order": 2300}}, {"model": "soins.care", "pk": 24, "fields": {"name": "Soins nettoyants de 45 minutes - Tonifiant", "name_it": "Pulizia viso - Tonificante", "family": 4, "price": "22", "price_it": "20", "display_order": 2400}}, {"model": "soins.care", "pk": 25, "fields": {"name": "Soins nettoyants de 45 minutes - Douceur", "name_it": "Pulizia viso -  Morbidezza", "family": 4, "price": "22", "price_it": "20", "display_order": 2500}}, {"model": "soins.care", "pk": 26, "fields": {"name": "Soins r\u00e9\u00e9quilibrants intensifs de 60 minutes - Puret\u00e9", "name_it": "Trattamento viso intensivo - Purezza", "family": 4, "price": "30", "price_it": "30", "display_order": 2600}}, {"model": "soins.care", "pk": 27, "fields": {"name": "Soins r\u00e9\u00e9quilibrants intensifs de 60 minutes - Hydratant", "name_it": "Trattamento viso intensivo - Idratante", "family": 4, "price": "30", "price_it": "30", "display_order": 2700}}, {"model": "soins.care", "pk": 28, "fields": {"name": "Soins r\u00e9\u00e9quilibrants intensifs de 60 minutes - Douceur", "name_it": "Trattamento viso intensivo - Morbidezza", "family": 4, "price": "30", "price_it": "30", "display_order": 2800}}, {"model": "blog.blogpagegalleryimage", "pk": 1, "fields": {"sort_order": 0, "page": 6, "image": 1, "caption": ""}}, {"model": "blog.blogpagegalleryimage", "pk": 2, "fields": {"sort_order": 0, "page": 7, "image": 2, "caption": ""}}, {"model": "blog.blogpagegalleryimage", "pk": 3, "fields": {"sort_order": 0, "page": 8, "image": 3, "caption": ""}}, {"model": "wagtailimages.rendition", "pk": 1, "fields": {"filter_spec": "max-165x165", "file": "images/epilation.max-165x165.jpg", "width": 165, "height": 165, "focal_point_key": "", "image": 1}}, {"model": "wagtailimages.rendition", "pk": 2, "fields": {"filter_spec": "fill-320x240", "file": "images/epilation.2e16d0ba.fill-320x240.jpg", "width": 205, "height": 155, "focal_point_key": "2e16d0ba", "image": 1}}, {"model": "wagtailimages.rendition", "pk": 3, "fields": {"filter_spec": "fill-300x200", "file": "images/epilation.2e16d0ba.fill-300x200.jpg", "width": 205, "height": 137, "focal_point_key": "2e16d0ba", "image": 1}}, {"model": "wagtailimages.rendition", "pk": 4, "fields": {"filter_spec": "max-165x165", "file": "images/soins-main.max-165x165.jpg", "width": 165, "height": 165, "focal_point_key": "", "image": 2}}, {"model": "wagtailimages.rendition", "pk": 5, "fields": {"filter_spec": "fill-300x200", "file": "images/soins-main.2e16d0ba.fill-300x200.jpg", "width": 205, "height": 137, "focal_point_key": "2e16d0ba", "image": 2}}, {"model": "wagtailimages.rendition", "pk": 6, "fields": {"filter_spec": "fill-320x240", "file": "images/soins-main.2e16d0ba.fill-320x240.jpg", "width": 205, "height": 155, "focal_point_key": "2e16d0ba", "image": 2}}, {"model": "wagtailimages.rendition", "pk": 7, "fields": {"filter_spec": "max-165x165", "file": "images/soins-visage.max-165x165.jpg", "width": 165, "height": 165, "focal_point_key": "", "image": 3}}, {"model": "wagtailimages.rendition", "pk": 8, "fields": {"filter_spec": "fill-300x200", "file": "images/soins-visage.2e16d0ba.fill-300x200.jpg", "width": 205, "height": 137, "focal_point_key": "2e16d0ba", "image": 3}}, {"model": "wagtailimages.rendition", "pk": 9, "fields": {"filter_spec": "fill-320x240", "file": "images/soins-visage.2e16d0ba.fill-320x240.jpg", "width": 205, "height": 155, "focal_point_key": "2e16d0ba", "image": 3}}, {"model": "wagtailimages.rendition", "pk": 10, "fields": {"filter_spec": "fill-640x480", "file": "images/soins-main.2e16d0ba.fill-640x480.jpg", "width": 205, "height": 155, "focal_point_key": "2e16d0ba", "image": 2}}, {"model": "wagtailimages.rendition", "pk": 11, "fields": {"filter_spec": "fill-640x480", "file": "images/soins-visage.2e16d0ba.fill-640x480.jpg", "width": 205, "height": 155, "focal_point_key": "2e16d0ba", "image": 3}}, {"model": "wagtailcore.site", "pk": 1, "fields": {"hostname": "localhost", "port": 80, "site_name": null, "root_page": 2, "is_default_site": true}}, {"model": "wagtailcore.collection", "pk": 1, "fields": {"path": "0001", "depth": 1, "numchild": 0, "name": "Root"}}, {"model": "auth.permission", "pk": 1, "fields": {"name": "Can add log entry", "content_type": 1, "codename": "add_logentry"}}, {"model": "auth.permission", "pk": 2, "fields": {"name": "Can change log entry", "content_type": 1, "codename": "change_logentry"}}, {"model": "auth.permission", "pk": 3, "fields": {"name": "Can delete log entry", "content_type": 1, "codename": "delete_logentry"}}, {"model": "auth.permission", "pk": 4, "fields": {"name": "Can view log entry", "content_type": 1, "codename": "view_logentry"}}, {"model": "auth.permission", "pk": 5, "fields": {"name": "Can add permission", "content_type": 2, "codename": "add_permission"}}, {"model": "auth.permission", "pk": 6, "fields": {"name": "Can change permission", "content_type": 2, "codename": "change_permission"}}, {"model": "auth.permission", "pk": 7, "fields": {"name": "Can delete permission", "content_type": 2, "codename": "delete_permission"}}, {"model": "auth.permission", "pk": 8, "fields": {"name": "Can view permission", "content_type": 2, "codename": "view_permission"}}, {"model": "auth.permission", "pk": 9, "fields": {"name": "Can add group", "content_type": 3, "codename": "add_group"}}, {"model": "auth.permission", "pk": 10, "fields": {"name": "Can change group", "content_type": 3, "codename": "change_group"}}, {"model": "auth.permission", "pk": 11, "fields": {"name": "Can delete group", "content_type": 3, "codename": "delete_group"}}, {"model": "auth.permission", "pk": 12, "fields": {"name": "Can view group", "content_type": 3, "codename": "view_group"}}, {"model": "auth.permission", "pk": 13, "fields": {"name": "Can add user", "content_type": 4, "codename": "add_user"}}, {"model": "auth.permission", "pk": 14, "fields": {"name": "Can change user", "content_type": 4, "codename": "change_user"}}, {"model": "auth.permission", "pk": 15, "fields": {"name": "Can delete user", "content_type": 4, "codename": "delete_user"}}, {"model": "auth.permission", "pk": 16, "fields": {"name": "Can view user", "content_type": 4, "codename": "view_user"}}, {"model": "auth.permission", "pk": 17, "fields": {"name": "Can add content type", "content_type": 5, "codename": "add_contenttype"}}, {"model": "auth.permission", "pk": 18, "fields": {"name": "Can change content type", "content_type": 5, "codename": "change_contenttype"}}, {"model": "auth.permission", "pk": 19, "fields": {"name": "Can delete content type", "content_type": 5, "codename": "delete_contenttype"}}, {"model": "auth.permission", "pk": 20, "fields": {"name": "Can view content type", "content_type": 5, "codename": "view_contenttype"}}, {"model": "auth.permission", "pk": 21, "fields": {"name": "Can add session", "content_type": 6, "codename": "add_session"}}, {"model": "auth.permission", "pk": 22, "fields": {"name": "Can change session", "content_type": 6, "codename": "change_session"}}, {"model": "auth.permission", "pk": 23, "fields": {"name": "Can delete session", "content_type": 6, "codename": "delete_session"}}, {"model": "auth.permission", "pk": 24, "fields": {"name": "Can view session", "content_type": 6, "codename": "view_session"}}, {"model": "auth.permission", "pk": 25, "fields": {"name": "Can add care", "content_type": 7, "codename": "add_care"}}, {"model": "auth.permission", "pk": 26, "fields": {"name": "Can change care", "content_type": 7, "codename": "change_care"}}, {"model": "auth.permission", "pk": 27, "fields": {"name": "Can delete care", "content_type": 7, "codename": "delete_care"}}, {"model": "auth.permission", "pk": 28, "fields": {"name": "Can view care", "content_type": 7, "codename": "view_care"}}, {"model": "auth.permission", "pk": 29, "fields": {"name": "Can add family_ care", "content_type": 8, "codename": "add_family_care"}}, {"model": "auth.permission", "pk": 30, "fields": {"name": "Can change family_ care", "content_type": 8, "codename": "change_family_care"}}, {"model": "auth.permission", "pk": 31, "fields": {"name": "Can delete family_ care", "content_type": 8, "codename": "delete_family_care"}}, {"model": "auth.permission", "pk": 32, "fields": {"name": "Can view family_ care", "content_type": 8, "codename": "view_family_care"}}, {"model": "auth.permission", "pk": 33, "fields": {"name": "Can add bookmark", "content_type": 9, "codename": "add_bookmark"}}, {"model": "auth.permission", "pk": 34, "fields": {"name": "Can change bookmark", "content_type": 9, "codename": "change_bookmark"}}, {"model": "auth.permission", "pk": 35, "fields": {"name": "Can delete bookmark", "content_type": 9, "codename": "delete_bookmark"}}, {"model": "auth.permission", "pk": 36, "fields": {"name": "Can view bookmark", "content_type": 9, "codename": "view_bookmark"}}, {"model": "auth.permission", "pk": 37, "fields": {"name": "Can add pinned application", "content_type": 10, "codename": "add_pinnedapplication"}}, {"model": "auth.permission", "pk": 38, "fields": {"name": "Can change pinned application", "content_type": 10, "codename": "change_pinnedapplication"}}, {"model": "auth.permission", "pk": 39, "fields": {"name": "Can delete pinned application", "content_type": 10, "codename": "delete_pinnedapplication"}}, {"model": "auth.permission", "pk": 40, "fields": {"name": "Can view pinned application", "content_type": 10, "codename": "view_pinnedapplication"}}, {"model": "auth.permission", "pk": 41, "fields": {"name": "Can add image", "content_type": 12, "codename": "add_image"}}, {"model": "auth.permission", "pk": 42, "fields": {"name": "Can change image", "content_type": 12, "codename": "change_image"}}, {"model": "auth.permission", "pk": 43, "fields": {"name": "Can delete image", "content_type": 12, "codename": "delete_image"}}, {"model": "auth.permission", "pk": 44, "fields": {"name": "Can access Wagtail admin", "content_type": 13, "codename": "access_admin"}}, {"model": "auth.permission", "pk": 45, "fields": {"name": "Can add document", "content_type": 14, "codename": "add_document"}}, {"model": "auth.permission", "pk": 46, "fields": {"name": "Can change document", "content_type": 14, "codename": "change_document"}}, {"model": "auth.permission", "pk": 47, "fields": {"name": "Can delete document", "content_type": 14, "codename": "delete_document"}}, {"model": "auth.permission", "pk": 48, "fields": {"name": "Can add blog index page", "content_type": 15, "codename": "add_blogindexpage"}}, {"model": "auth.permission", "pk": 49, "fields": {"name": "Can change blog index page", "content_type": 15, "codename": "change_blogindexpage"}}, {"model": "auth.permission", "pk": 50, "fields": {"name": "Can delete blog index page", "content_type": 15, "codename": "delete_blogindexpage"}}, {"model": "auth.permission", "pk": 51, "fields": {"name": "Can view blog index page", "content_type": 15, "codename": "view_blogindexpage"}}, {"model": "auth.permission", "pk": 52, "fields": {"name": "Can add blog page", "content_type": 16, "codename": "add_blogpage"}}, {"model": "auth.permission", "pk": 53, "fields": {"name": "Can change blog page", "content_type": 16, "codename": "change_blogpage"}}, {"model": "auth.permission", "pk": 54, "fields": {"name": "Can delete blog page", "content_type": 16, "codename": "delete_blogpage"}}, {"model": "auth.permission", "pk": 55, "fields": {"name": "Can view blog page", "content_type": 16, "codename": "view_blogpage"}}, {"model": "auth.permission", "pk": 56, "fields": {"name": "Can add blog page gallery image", "content_type": 17, "codename": "add_blogpagegalleryimage"}}, {"model": "auth.permission", "pk": 57, "fields": {"name": "Can change blog page gallery image", "content_type": 17, "codename": "change_blogpagegalleryimage"}}, {"model": "auth.permission", "pk": 58, "fields": {"name": "Can delete blog page gallery image", "content_type": 17, "codename": "delete_blogpagegalleryimage"}}, {"model": "auth.permission", "pk": 59, "fields": {"name": "Can view blog page gallery image", "content_type": 17, "codename": "view_blogpagegalleryimage"}}, {"model": "auth.permission", "pk": 60, "fields": {"name": "Can add form submission", "content_type": 18, "codename": "add_formsubmission"}}, {"model": "auth.permission", "pk": 61, "fields": {"name": "Can change form submission", "content_type": 18, "codename": "change_formsubmission"}}, {"model": "auth.permission", "pk": 62, "fields": {"name": "Can delete form submission", "content_type": 18, "codename": "delete_formsubmission"}}, {"model": "auth.permission", "pk": 63, "fields": {"name": "Can view form submission", "content_type": 18, "codename": "view_formsubmission"}}, {"model": "auth.permission", "pk": 64, "fields": {"name": "Can add redirect", "content_type": 19, "codename": "add_redirect"}}, {"model": "auth.permission", "pk": 65, "fields": {"name": "Can change redirect", "content_type": 19, "codename": "change_redirect"}}, {"model": "auth.permission", "pk": 66, "fields": {"name": "Can delete redirect", "content_type": 19, "codename": "delete_redirect"}}, {"model": "auth.permission", "pk": 67, "fields": {"name": "Can view redirect", "content_type": 19, "codename": "view_redirect"}}, {"model": "auth.permission", "pk": 68, "fields": {"name": "Can add embed", "content_type": 20, "codename": "add_embed"}}, {"model": "auth.permission", "pk": 69, "fields": {"name": "Can change embed", "content_type": 20, "codename": "change_embed"}}, {"model": "auth.permission", "pk": 70, "fields": {"name": "Can delete embed", "content_type": 20, "codename": "delete_embed"}}, {"model": "auth.permission", "pk": 71, "fields": {"name": "Can view embed", "content_type": 20, "codename": "view_embed"}}, {"model": "auth.permission", "pk": 72, "fields": {"name": "Can add user profile", "content_type": 21, "codename": "add_userprofile"}}, {"model": "auth.permission", "pk": 73, "fields": {"name": "Can change user profile", "content_type": 21, "codename": "change_userprofile"}}, {"model": "auth.permission", "pk": 74, "fields": {"name": "Can delete user profile", "content_type": 21, "codename": "delete_userprofile"}}, {"model": "auth.permission", "pk": 75, "fields": {"name": "Can view user profile", "content_type": 21, "codename": "view_userprofile"}}, {"model": "auth.permission", "pk": 76, "fields": {"name": "Can view document", "content_type": 14, "codename": "view_document"}}, {"model": "auth.permission", "pk": 77, "fields": {"name": "Can view image", "content_type": 12, "codename": "view_image"}}, {"model": "auth.permission", "pk": 78, "fields": {"name": "Can add rendition", "content_type": 22, "codename": "add_rendition"}}, {"model": "auth.permission", "pk": 79, "fields": {"name": "Can change rendition", "content_type": 22, "codename": "change_rendition"}}, {"model": "auth.permission", "pk": 80, "fields": {"name": "Can delete rendition", "content_type": 22, "codename": "delete_rendition"}}, {"model": "auth.permission", "pk": 81, "fields": {"name": "Can view rendition", "content_type": 22, "codename": "view_rendition"}}, {"model": "auth.permission", "pk": 82, "fields": {"name": "Can add query", "content_type": 23, "codename": "add_query"}}, {"model": "auth.permission", "pk": 83, "fields": {"name": "Can change query", "content_type": 23, "codename": "change_query"}}, {"model": "auth.permission", "pk": 84, "fields": {"name": "Can delete query", "content_type": 23, "codename": "delete_query"}}, {"model": "auth.permission", "pk": 85, "fields": {"name": "Can view query", "content_type": 23, "codename": "view_query"}}, {"model": "auth.permission", "pk": 86, "fields": {"name": "Can add Query Daily Hits", "content_type": 24, "codename": "add_querydailyhits"}}, {"model": "auth.permission", "pk": 87, "fields": {"name": "Can change Query Daily Hits", "content_type": 24, "codename": "change_querydailyhits"}}, {"model": "auth.permission", "pk": 88, "fields": {"name": "Can delete Query Daily Hits", "content_type": 24, "codename": "delete_querydailyhits"}}, {"model": "auth.permission", "pk": 89, "fields": {"name": "Can view Query Daily Hits", "content_type": 24, "codename": "view_querydailyhits"}}, {"model": "auth.permission", "pk": 90, "fields": {"name": "Can add page", "content_type": 11, "codename": "add_page"}}, {"model": "auth.permission", "pk": 91, "fields": {"name": "Can change page", "content_type": 11, "codename": "change_page"}}, {"model": "auth.permission", "pk": 92, "fields": {"name": "Can delete page", "content_type": 11, "codename": "delete_page"}}, {"model": "auth.permission", "pk": 93, "fields": {"name": "Can view page", "content_type": 11, "codename": "view_page"}}, {"model": "auth.permission", "pk": 94, "fields": {"name": "Can add group page permission", "content_type": 25, "codename": "add_grouppagepermission"}}, {"model": "auth.permission", "pk": 95, "fields": {"name": "Can change group page permission", "content_type": 25, "codename": "change_grouppagepermission"}}, {"model": "auth.permission", "pk": 96, "fields": {"name": "Can delete group page permission", "content_type": 25, "codename": "delete_grouppagepermission"}}, {"model": "auth.permission", "pk": 97, "fields": {"name": "Can view group page permission", "content_type": 25, "codename": "view_grouppagepermission"}}, {"model": "auth.permission", "pk": 98, "fields": {"name": "Can add page revision", "content_type": 26, "codename": "add_pagerevision"}}, {"model": "auth.permission", "pk": 99, "fields": {"name": "Can change page revision", "content_type": 26, "codename": "change_pagerevision"}}, {"model": "auth.permission", "pk": 100, "fields": {"name": "Can delete page revision", "content_type": 26, "codename": "delete_pagerevision"}}, {"model": "auth.permission", "pk": 101, "fields": {"name": "Can view page revision", "content_type": 26, "codename": "view_pagerevision"}}, {"model": "auth.permission", "pk": 102, "fields": {"name": "Can add page view restriction", "content_type": 27, "codename": "add_pageviewrestriction"}}, {"model": "auth.permission", "pk": 103, "fields": {"name": "Can change page view restriction", "content_type": 27, "codename": "change_pageviewrestriction"}}, {"model": "auth.permission", "pk": 104, "fields": {"name": "Can delete page view restriction", "content_type": 27, "codename": "delete_pageviewrestriction"}}, {"model": "auth.permission", "pk": 105, "fields": {"name": "Can view page view restriction", "content_type": 27, "codename": "view_pageviewrestriction"}}, {"model": "auth.permission", "pk": 106, "fields": {"name": "Can add site", "content_type": 28, "codename": "add_site"}}, {"model": "auth.permission", "pk": 107, "fields": {"name": "Can change site", "content_type": 28, "codename": "change_site"}}, {"model": "auth.permission", "pk": 108, "fields": {"name": "Can delete site", "content_type": 28, "codename": "delete_site"}}, {"model": "auth.permission", "pk": 109, "fields": {"name": "Can view site", "content_type": 28, "codename": "view_site"}}, {"model": "auth.permission", "pk": 110, "fields": {"name": "Can add collection", "content_type": 29, "codename": "add_collection"}}, {"model": "auth.permission", "pk": 111, "fields": {"name": "Can change collection", "content_type": 29, "codename": "change_collection"}}, {"model": "auth.permission", "pk": 112, "fields": {"name": "Can delete collection", "content_type": 29, "codename": "delete_collection"}}, {"model": "auth.permission", "pk": 113, "fields": {"name": "Can view collection", "content_type": 29, "codename": "view_collection"}}, {"model": "auth.permission", "pk": 114, "fields": {"name": "Can add group collection permission", "content_type": 30, "codename": "add_groupcollectionpermission"}}, {"model": "auth.permission", "pk": 115, "fields": {"name": "Can change group collection permission", "content_type": 30, "codename": "change_groupcollectionpermission"}}, {"model": "auth.permission", "pk": 116, "fields": {"name": "Can delete group collection permission", "content_type": 30, "codename": "delete_groupcollectionpermission"}}, {"model": "auth.permission", "pk": 117, "fields": {"name": "Can view group collection permission", "content_type": 30, "codename": "view_groupcollectionpermission"}}, {"model": "auth.permission", "pk": 118, "fields": {"name": "Can add collection view restriction", "content_type": 31, "codename": "add_collectionviewrestriction"}}, {"model": "auth.permission", "pk": 119, "fields": {"name": "Can change collection view restriction", "content_type": 31, "codename": "change_collectionviewrestriction"}}, {"model": "auth.permission", "pk": 120, "fields": {"name": "Can delete collection view restriction", "content_type": 31, "codename": "delete_collectionviewrestriction"}}, {"model": "auth.permission", "pk": 121, "fields": {"name": "Can view collection view restriction", "content_type": 31, "codename": "view_collectionviewrestriction"}}, {"model": "auth.permission", "pk": 122, "fields": {"name": "Can add Tag", "content_type": 32, "codename": "add_tag"}}, {"model": "auth.permission", "pk": 123, "fields": {"name": "Can change Tag", "content_type": 32, "codename": "change_tag"}}, {"model": "auth.permission", "pk": 124, "fields": {"name": "Can delete Tag", "content_type": 32, "codename": "delete_tag"}}, {"model": "auth.permission", "pk": 125, "fields": {"name": "Can view Tag", "content_type": 32, "codename": "view_tag"}}, {"model": "auth.permission", "pk": 126, "fields": {"name": "Can add Tagged Item", "content_type": 33, "codename": "add_taggeditem"}}, {"model": "auth.permission", "pk": 127, "fields": {"name": "Can change Tagged Item", "content_type": 33, "codename": "change_taggeditem"}}, {"model": "auth.permission", "pk": 128, "fields": {"name": "Can delete Tagged Item", "content_type": 33, "codename": "delete_taggeditem"}}, {"model": "auth.permission", "pk": 129, "fields": {"name": "Can view Tagged Item", "content_type": 33, "codename": "view_taggeditem"}}, {"model": "auth.group", "pk": 1, "fields": {"name": "Moderators", "permissions": [44, 45, 46, 47, 41, 42, 43]}}, {"model": "auth.group", "pk": 2, "fields": {"name": "Editors", "permissions": [44, 45, 46, 47, 41, 42, 43]}}, {"model": "auth.user", "pk": 1, "fields": {"password": "pbkdf2_sha256$120000$pGz0oEL2x3DO$Zp+LB4dpXtrZvybM2Jy/syMXipeoYy6MNEEnqnsu4hQ=", "last_login": "2019-01-29T16:32:44.738Z", "is_superuser": true, "username": "admin", "first_name": "", "last_name": "", "email": "", "is_staff": true, "is_active": true, "date_joined": "2018-12-18T11:07:02.564Z", "groups": [], "user_permissions": []}}, {"model": "blog.blogindexpage", "pk": 4, "fields": {"intro": "<p></p>", "body": "<p></p>"}}, {"model": "blog.blogpage", "pk": 6, "fields": {"date": "2019-01-29", "intro_fr": "Epilations", "intro_it": "Ceretta", "body_fr": "<p>Pour une peau douce et parfaitement \u00e9pil\u00e9e, votre esth\u00e9ticienne vous conseille l\u2019\u00e9pilation \u00e0 la cire traditionnelle.</p><p><a href=\"http://127.0.0.1:8000/\">Voir les tarifs</a></p>", "body_it": "<p>Per una pelle morbida e perfettamente rasata, la tua estetista ti consiglia di cerare con la cera tradizionale.</p><p><a href=\"http://127.0.0.1:8000/\">Vedere i prezzi</a></p>"}}, {"model": "blog.blogpage", "pk": 7, "fields": {"date": "2019-01-29", "intro_fr": "Soins des mains et des pieds", "intro_it": "Cura delle mani e dei piedi", "body_fr": "<p>Pour des mains parfaites et des pieds impeccables, votre esth\u00e9ticienne vous propose diff\u00e9rents soins.</p><p><a href=\"http://127.0.0.1:8000/\">Voir les tarifs</a></p>", "body_it": "<p>Per mani perfette e piedi impeccabili, la tua estetista offre vari trattamenti.</p><p><a href=\"http://127.0.0.1:8000/\">Vedere i prezzi</a></p>"}}, {"model": "blog.blogpage", "pk": 8, "fields": {"date": "2019-01-29", "intro_fr": "Soin du visage", "intro_it": "Cura del viso", "body_fr": "<p>Votre beaut\u00e9 s\u2019exprime \u00e0 travers l\u2019\u00e9tat de votre peau. Notre peau a besoin de protection, d\u2019hydratation et d\u2019apaisement pour rayonner de jour en jour.</p><p><a href=\"http://127.0.0.1:8000/\">Voir les tarifs</a></p>", "body_it": "<p>La tua bellezza si esprime attraverso le condizioni della tua pelle. La nostra pelle ha bisogno di protezione, idratazione e lenitivo per irradiare giorno per giorno.</p>"}}, {"model": "wagtailimages.image", "pk": 1, "fields": {"collection": 1, "title": "epilation.jpg", "file": "original_images/epilation.jpg", "width": 205, "height": 205, "created_at": "2019-01-29T13:50:35.291Z", "uploaded_by_user": 1, "focal_point_x": null, "focal_point_y": null, "focal_point_width": null, "focal_point_height": null, "file_size": 33265, "file_hash": "875cac189cfcb524977e7e08d38daab2cba6f475"}}, {"model": "wagtailimages.image", "pk": 2, "fields": {"collection": 1, "title": "soins-main.jpg", "file": "original_images/soins-main.jpg", "width": 205, "height": 205, "created_at": "2019-01-29T15:11:50.787Z", "uploaded_by_user": 1, "focal_point_x": null, "focal_point_y": null, "focal_point_width": null, "focal_point_height": null, "file_size": 35986, "file_hash": "f16265c4031eb2b5facc41e77750d769cec9b39d"}}, {"model": "wagtailimages.image", "pk": 3, "fields": {"collection": 1, "title": "soins-visage.jpg", "file": "original_images/soins-visage.jpg", "width": 205, "height": 205, "created_at": "2019-01-29T15:14:38.147Z", "uploaded_by_user": 1, "focal_point_x": null, "focal_point_y": null, "focal_point_width": null, "focal_point_height": null, "file_size": 30965, "file_hash": "42bbcf78faae598f30fc18e2fb8078921240e253"}}, {"model": "wagtailcore.page", "pk": 1, "fields": {"path": "0001", "depth": 1, "numchild": 1, "title": "Root", "draft_title": "Root", "slug": "root", "content_type": 11, "live": true, "has_unpublished_changes": false, "url_path": "/", "owner": null, "seo_title": "", "show_in_menus": false, "search_description": "", "go_live_at": null, "expire_at": null, "expired": false, "locked": false, "first_published_at": null, "last_published_at": null, "latest_revision_created_at": null, "live_revision": null}}, {"model": "wagtailcore.page", "pk": 2, "fields": {"path": "00010001", "depth": 2, "numchild": 1, "title": "Welcome sur le Site de Vanessa Esth\u00e9tique", "draft_title": "Welcome sur le Site de Vanessa Esth\u00e9tique", "slug": "home", "content_type": 11, "live": true, "has_unpublished_changes": false, "url_path": "/home/", "owner": null, "seo_title": "", "show_in_menus": false, "search_description": "", "go_live_at": null, "expire_at": null, "expired": false, "locked": false, "first_published_at": "2019-01-29T13:42:08.669Z", "last_published_at": "2019-01-29T13:42:08.669Z", "latest_revision_created_at": "2019-01-29T13:42:08.352Z", "live_revision": 1}}, {"model": "wagtailcore.page", "pk": 4, "fields": {"path": "000100010001", "depth": 3, "numchild": 3, "title": "Articles de Vanessa Blog", "draft_title": "Articles de Vanessa Blog", "slug": "blog", "content_type": 15, "live": true, "has_unpublished_changes": false, "url_path": "/home/blog/", "owner": 1, "seo_title": "Articles de Vanessa", "show_in_menus": false, "search_description": "", "go_live_at": null, "expire_at": null, "expired": false, "locked": false, "first_published_at": "2019-01-29T13:45:06.437Z", "last_published_at": "2019-01-30T08:14:22.547Z", "latest_revision_created_at": "2019-01-30T08:14:22.167Z", "live_revision": 23}}, {"model": "wagtailcore.page", "pk": 6, "fields": {"path": "0001000100010001", "depth": 4, "numchild": 0, "title": "Epilations", "draft_title": "Epilations", "slug": "epilations", "content_type": 16, "live": true, "has_unpublished_changes": false, "url_path": "/home/blog/epilations/", "owner": 1, "seo_title": "", "show_in_menus": false, "search_description": "", "go_live_at": null, "expire_at": null, "expired": false, "locked": false, "first_published_at": "2019-01-29T14:05:03.580Z", "last_published_at": "2019-01-30T07:52:43.635Z", "latest_revision_created_at": "2019-01-30T07:52:43.227Z", "live_revision": 22}}, {"model": "wagtailcore.page", "pk": 7, "fields": {"path": "0001000100010002", "depth": 4, "numchild": 0, "title": "Soins des mains et des pieds", "draft_title": "Soins des mains et des pieds", "slug": "soins-des-mains", "content_type": 16, "live": true, "has_unpublished_changes": false, "url_path": "/home/blog/soins-des-mains/", "owner": 1, "seo_title": "", "show_in_menus": false, "search_description": "", "go_live_at": null, "expire_at": null, "expired": false, "locked": false, "first_published_at": "2019-01-29T15:11:56.834Z", "last_published_at": "2019-01-30T07:51:03.984Z", "latest_revision_created_at": "2019-01-30T07:51:03.535Z", "live_revision": 21}}, {"model": "wagtailcore.page", "pk": 8, "fields": {"path": "0001000100010003", "depth": 4, "numchild": 0, "title": "Soin du visage", "draft_title": "Soin du visage", "slug": "soin-du-visage", "content_type": 16, "live": true, "has_unpublished_changes": false, "url_path": "/home/blog/soin-du-visage/", "owner": 1, "seo_title": "", "show_in_menus": false, "search_description": "", "go_live_at": null, "expire_at": null, "expired": false, "locked": false, "first_published_at": "2019-01-29T15:15:33.271Z", "last_published_at": "2019-01-30T08:14:48.367Z", "latest_revision_created_at": "2019-01-30T08:14:47.889Z", "live_revision": 24}}, {"model": "wagtailcore.pagerevision", "pk": 1, "fields": {"page": 2, "submitted_for_moderation": false, "created_at": "2019-01-29T13:42:08.352Z", "user": 1, "content_json": "{\"pk\": 2, \"path\": \"00010001\", \"depth\": 2, \"numchild\": 0, \"title\": \"Welcome sur le Site de Vanessa Esth\\u00e9tique\", \"draft_title\": \"Welcome to your new Wagtail site!\", \"slug\": \"home\", \"content_type\": 11, \"live\": true, \"has_unpublished_changes\": false, \"url_path\": \"/home/\", \"owner\": null, \"seo_title\": \"\", \"show_in_menus\": false, \"search_description\": \"\", \"go_live_at\": null, \"expire_at\": null, \"expired\": false, \"locked\": false, \"first_published_at\": null, \"last_published_at\": null, \"latest_revision_created_at\": null, \"live_revision\": null}", "approved_go_live_at": null}}, {"model": "wagtailcore.pagerevision", "pk": 3, "fields": {"page": 4, "submitted_for_moderation": false, "created_at": "2019-01-29T13:44:57.157Z", "user": 1, "content_json": "{\"pk\": 4, \"path\": \"000100010001\", \"depth\": 3, \"numchild\": 0, \"title\": \"Articles de Vanessa\", \"draft_title\": \"Articles de Vanessa\", \"slug\": \"blog2\", \"content_type\": 15, \"live\": false, \"has_unpublished_changes\": false, \"url_path\": \"/home/blog2/\", \"owner\": 1, \"seo_title\": \"\", \"show_in_menus\": false, \"search_description\": \"\", \"go_live_at\": null, \"expire_at\": null, \"expired\": false, \"locked\": false, \"first_published_at\": null, \"last_published_at\": null, \"latest_revision_created_at\": null, \"live_revision\": null, \"intro\": \"<p></p>\", \"body\": \"<p></p>\"}", "approved_go_live_at": null}}, {"model": "wagtailcore.pagerevision", "pk": 4, "fields": {"page": 4, "submitted_for_moderation": false, "created_at": "2019-01-29T13:45:06.163Z", "user": 1, "content_json": "{\"pk\": 4, \"path\": \"000100010001\", \"depth\": 3, \"numchild\": 0, \"title\": \"Articles de Vanessa\", \"draft_title\": \"Articles de Vanessa\", \"slug\": \"blog2\", \"content_type\": 15, \"live\": false, \"has_unpublished_changes\": true, \"url_path\": \"/home/blog2/\", \"owner\": 1, \"seo_title\": \"\", \"show_in_menus\": false, \"search_description\": \"\", \"go_live_at\": null, \"expire_at\": null, \"expired\": false, \"locked\": false, \"first_published_at\": null, \"last_published_at\": null, \"latest_revision_created_at\": \"2019-01-29T13:44:57.157Z\", \"live_revision\": null, \"intro\": \"<p></p>\", \"body\": \"<p></p>\"}", "approved_go_live_at": null}}, {"model": "wagtailcore.pagerevision", "pk": 7, "fields": {"page": 6, "submitted_for_moderation": false, "created_at": "2019-01-29T14:05:03.040Z", "user": 1, "content_json": "{\"pk\": 6, \"path\": \"0001000100010001\", \"depth\": 4, \"numchild\": 0, \"title\": \"Epilations\", \"draft_title\": \"Epilations\", \"slug\": \"epilations\", \"content_type\": 16, \"live\": true, \"has_unpublished_changes\": false, \"url_path\": \"/home/blog2/epilations/\", \"owner\": 1, \"seo_title\": \"\", \"show_in_menus\": false, \"search_description\": \"\", \"go_live_at\": null, \"expire_at\": null, \"expired\": false, \"locked\": false, \"first_published_at\": null, \"last_published_at\": null, \"latest_revision_created_at\": null, \"live_revision\": null, \"date\": \"2019-01-29\", \"intro\": \"Epilations\", \"body\": \"<p>Pour une peau douce et parfaitement \\u00e9pil\\u00e9e, votre esth\\u00e9ticienne vous conseille l\\u2019\\u00e9pilation \\u00e0 la cire traditionnelle. Adapt\\u00e9e \\u00e0 tout type de peau, m\\u00eame les plus sensibles. </p>\", \"gallery_images\": [{\"pk\": 1, \"sort_order\": 0, \"page\": 6, \"image\": 1, \"caption\": \"\"}]}", "approved_go_live_at": null}}, {"model": "wagtailcore.pagerevision", "pk": 8, "fields": {"page": 4, "submitted_for_moderation": false, "created_at": "2019-01-29T14:06:08.718Z", "user": 1, "content_json": "{\"pk\": 4, \"path\": \"000100010001\", \"depth\": 3, \"numchild\": 1, \"title\": \"Articles de Vanessa\", \"draft_title\": \"Articles de Vanessa\", \"slug\": \"blog\", \"content_type\": 15, \"live\": true, \"has_unpublished_changes\": false, \"url_path\": \"/home/blog2/\", \"owner\": 1, \"seo_title\": \"\", \"show_in_menus\": false, \"search_description\": \"\", \"go_live_at\": null, \"expire_at\": null, \"expired\": false, \"locked\": false, \"first_published_at\": \"2019-01-29T13:45:06.437Z\", \"last_published_at\": \"2019-01-29T13:45:06.437Z\", \"latest_revision_created_at\": \"2019-01-29T13:45:06.163Z\", \"live_revision\": 4, \"intro\": \"<p></p>\", \"body\": \"<p></p>\"}", "approved_go_live_at": null}}, {"model": "wagtailcore.pagerevision", "pk": 9, "fields": {"page": 4, "submitted_for_moderation": false, "created_at": "2019-01-29T14:11:30.527Z", "user": 1, "content_json": "{\"pk\": 4, \"path\": \"000100010001\", \"depth\": 3, \"numchild\": 1, \"title\": \"Articles de Vanessa\", \"draft_title\": \"Articles de Vanessa\", \"slug\": \"blog\", \"content_type\": 15, \"live\": true, \"has_unpublished_changes\": false, \"url_path\": \"/home/blog/\", \"owner\": 1, \"seo_title\": \"Articles de Vanessa\", \"show_in_menus\": false, \"search_description\": \"\", \"go_live_at\": null, \"expire_at\": null, \"expired\": false, \"locked\": false, \"first_published_at\": \"2019-01-29T13:45:06.437Z\", \"last_published_at\": \"2019-01-29T14:06:09.245Z\", \"latest_revision_created_at\": \"2019-01-29T14:06:08.718Z\", \"live_revision\": 8, \"intro\": \"<p></p>\", \"body\": \"<p></p>\"}", "approved_go_live_at": null}}, {"model": "wagtailcore.pagerevision", "pk": 10, "fields": {"page": 6, "submitted_for_moderation": false, "created_at": "2019-01-29T14:21:28.652Z", "user": 1, "content_json": "{\"pk\": 6, \"path\": \"0001000100010001\", \"depth\": 4, \"numchild\": 0, \"title\": \"Epilations\", \"draft_title\": \"Epilations\", \"slug\": \"epilations\", \"content_type\": 16, \"live\": true, \"has_unpublished_changes\": false, \"url_path\": \"/home/blog/epilations/\", \"owner\": 1, \"seo_title\": \"\", \"show_in_menus\": false, \"search_description\": \"\", \"go_live_at\": null, \"expire_at\": null, \"expired\": false, \"locked\": false, \"first_published_at\": \"2019-01-29T14:05:03.580Z\", \"last_published_at\": \"2019-01-29T14:05:03.580Z\", \"latest_revision_created_at\": \"2019-01-29T14:05:03.040Z\", \"live_revision\": 7, \"date\": \"2019-01-29\", \"intro\": \"Adapt\\u00e9e \\u00e0 tout type de peau, m\\u00eame les plus sensibles.\", \"body\": \"<p>Pour une peau douce et parfaitement \\u00e9pil\\u00e9e, votre esth\\u00e9ticienne vous conseille l\\u2019\\u00e9pilation \\u00e0 la cire traditionnelle. </p>\", \"gallery_images\": [{\"pk\": 1, \"sort_order\": 0, \"page\": 6, \"image\": 1, \"caption\": \"\"}]}", "approved_go_live_at": null}}, {"model": "wagtailcore.pagerevision", "pk": 11, "fields": {"page": 6, "submitted_for_moderation": false, "created_at": "2019-01-29T14:33:14.672Z", "user": 1, "content_json": "{\"pk\": 6, \"path\": \"0001000100010001\", \"depth\": 4, \"numchild\": 0, \"title\": \"Epilations\", \"draft_title\": \"Epilations\", \"slug\": \"epilations\", \"content_type\": 16, \"live\": true, \"has_unpublished_changes\": false, \"url_path\": \"/home/blog/epilations/\", \"owner\": 1, \"seo_title\": \"\", \"show_in_menus\": false, \"search_description\": \"\", \"go_live_at\": null, \"expire_at\": null, \"expired\": false, \"locked\": false, \"first_published_at\": \"2019-01-29T14:05:03.580Z\", \"last_published_at\": \"2019-01-29T14:21:29.220Z\", \"latest_revision_created_at\": \"2019-01-29T14:21:28.652Z\", \"live_revision\": 10, \"date\": \"2019-01-29\", \"intro\": \"Adapt\\u00e9e \\u00e0 tout type de peau, m\\u00eame les plus sensibles.\", \"body\": \"<p>Pour une peau douce et parfaitement \\u00e9pil\\u00e9e, votre esth\\u00e9ticienne vous conseille l\\u2019\\u00e9pilation \\u00e0 la cire traditionnelle.</p><p><a href=\\\"http://127.0.0.1:8000/\\\">Voir les tarifs</a></p>\", \"gallery_images\": [{\"pk\": 1, \"sort_order\": 0, \"page\": 6, \"image\": 1, \"caption\": \"\"}]}", "approved_go_live_at": null}}, {"model": "wagtailcore.pagerevision", "pk": 12, "fields": {"page": 7, "submitted_for_moderation": false, "created_at": "2019-01-29T15:11:56.447Z", "user": 1, "content_json": "{\"pk\": 7, \"path\": \"0001000100010002\", \"depth\": 4, \"numchild\": 0, \"title\": \"Soins des mains\", \"draft_title\": \"Soins des mains\", \"slug\": \"soins-des-mains\", \"content_type\": 16, \"live\": true, \"has_unpublished_changes\": false, \"url_path\": \"/home/blog/soins-des-mains/\", \"owner\": 1, \"seo_title\": \"\", \"show_in_menus\": false, \"search_description\": \"\", \"go_live_at\": null, \"expire_at\": null, \"expired\": false, \"locked\": false, \"first_published_at\": null, \"last_published_at\": null, \"latest_revision_created_at\": null, \"live_revision\": null, \"date\": \"2019-01-29\", \"intro\": \"Soin des ongles et des mains\", \"body\": \"<p>Pour des mains parfaites et des pieds impeccables, votre esth\\u00e9ticienne vous propose diff\\u00e9rents soins. </p>\", \"gallery_images\": [{\"pk\": 2, \"sort_order\": 0, \"page\": 7, \"image\": 2, \"caption\": \"\"}]}", "approved_go_live_at": null}}, {"model": "wagtailcore.pagerevision", "pk": 13, "fields": {"page": 8, "submitted_for_moderation": false, "created_at": "2019-01-29T15:15:13.028Z", "user": 1, "content_json": "{\"pk\": 8, \"path\": \"0001000100010003\", \"depth\": 4, \"numchild\": 0, \"title\": \"Soin du visage\", \"draft_title\": \"Soin du visage\", \"slug\": \"soin-du-visage\", \"content_type\": 16, \"live\": false, \"has_unpublished_changes\": false, \"url_path\": \"/home/blog/soin-du-visage/\", \"owner\": 1, \"seo_title\": \"\", \"show_in_menus\": false, \"search_description\": \"\", \"go_live_at\": null, \"expire_at\": null, \"expired\": false, \"locked\": false, \"first_published_at\": null, \"last_published_at\": null, \"latest_revision_created_at\": null, \"live_revision\": null, \"date\": \"2019-01-29\", \"intro\": \"Offrez-vous un soin unique, adapt\\u00e9 \\u00e0 votre peau\", \"body\": \"<p>Votre beaut\\u00e9 s\\u2019exprime \\u00e0 travers l\\u2019\\u00e9tat de votre peau. Notre peau a besoin de protection, d\\u2019hydratation et d\\u2019apaisement pour rayonner de jour en jour.</p>\", \"gallery_images\": [{\"pk\": 3, \"sort_order\": 0, \"page\": 8, \"image\": 3, \"caption\": \"\"}]}", "approved_go_live_at": null}}, {"model": "wagtailcore.pagerevision", "pk": 14, "fields": {"page": 8, "submitted_for_moderation": false, "created_at": "2019-01-29T15:15:32.923Z", "user": 1, "content_json": "{\"pk\": 8, \"path\": \"0001000100010003\", \"depth\": 4, \"numchild\": 0, \"title\": \"Soin du visage\", \"draft_title\": \"Soin du visage\", \"slug\": \"soin-du-visage\", \"content_type\": 16, \"live\": false, \"has_unpublished_changes\": true, \"url_path\": \"/home/blog/soin-du-visage/\", \"owner\": 1, \"seo_title\": \"\", \"show_in_menus\": false, \"search_description\": \"\", \"go_live_at\": null, \"expire_at\": null, \"expired\": false, \"locked\": false, \"first_published_at\": null, \"last_published_at\": null, \"latest_revision_created_at\": \"2019-01-29T15:15:13.028Z\", \"live_revision\": null, \"date\": \"2019-01-29\", \"intro\": \"Offrez-vous un soin unique, adapt\\u00e9 \\u00e0 votre peau\", \"body\": \"<p>Votre beaut\\u00e9 s\\u2019exprime \\u00e0 travers l\\u2019\\u00e9tat de votre peau. Notre peau a besoin de protection, d\\u2019hydratation et d\\u2019apaisement pour rayonner de jour en jour.</p>\", \"gallery_images\": [{\"pk\": 3, \"sort_order\": 0, \"page\": null, \"image\": 3, \"caption\": \"\"}]}", "approved_go_live_at": null}}, {"model": "wagtailcore.pagerevision", "pk": 15, "fields": {"page": 7, "submitted_for_moderation": false, "created_at": "2019-01-29T15:17:58.326Z", "user": 1, "content_json": "{\"pk\": 7, \"path\": \"0001000100010002\", \"depth\": 4, \"numchild\": 0, \"title\": \"Soins des mains et des pieds\", \"draft_title\": \"Soins des mains\", \"slug\": \"soins-des-mains\", \"content_type\": 16, \"live\": true, \"has_unpublished_changes\": false, \"url_path\": \"/home/blog/soins-des-mains/\", \"owner\": 1, \"seo_title\": \"\", \"show_in_menus\": false, \"search_description\": \"\", \"go_live_at\": null, \"expire_at\": null, \"expired\": false, \"locked\": false, \"first_published_at\": \"2019-01-29T15:11:56.834Z\", \"last_published_at\": \"2019-01-29T15:11:56.834Z\", \"latest_revision_created_at\": \"2019-01-29T15:11:56.447Z\", \"live_revision\": 12, \"date\": \"2019-01-29\", \"intro\": \"Soin des ongles et des mains\", \"body\": \"<p>Pour des mains parfaites et des pieds impeccables, votre esth\\u00e9ticienne vous propose diff\\u00e9rents soins.</p>\", \"gallery_images\": [{\"pk\": 2, \"sort_order\": 0, \"page\": 7, \"image\": 2, \"caption\": \"\"}]}", "approved_go_live_at": null}}, {"model": "wagtailcore.pagerevision", "pk": 16, "fields": {"page": 7, "submitted_for_moderation": false, "created_at": "2019-01-29T16:34:06.267Z", "user": 1, "content_json": "{\"pk\": 7, \"path\": \"0001000100010002\", \"depth\": 4, \"numchild\": 0, \"title\": \"Soins des mains et des pieds\", \"draft_title\": \"Soins des mains et des pieds\", \"slug\": \"soins-des-mains\", \"content_type\": 16, \"live\": true, \"has_unpublished_changes\": false, \"url_path\": \"/home/blog/soins-des-mains/\", \"owner\": 1, \"seo_title\": \"\", \"show_in_menus\": false, \"search_description\": \"\", \"go_live_at\": null, \"expire_at\": null, \"expired\": false, \"locked\": false, \"first_published_at\": \"2019-01-29T15:11:56.834Z\", \"last_published_at\": \"2019-01-29T15:17:58.858Z\", \"latest_revision_created_at\": \"2019-01-29T15:17:58.326Z\", \"live_revision\": 15, \"date\": \"2019-01-29\", \"intro\": \"Soin des ongles et des mains\", \"body\": \"<p>Pour des mains parfaites et des pieds impeccables, votre esth\\u00e9ticienne vous propose diff\\u00e9rents soins.</p><p><a href=\\\"http://127.0.0.1:8000/\\\">Voir les tarifs</a></p>\", \"gallery_images\": [{\"pk\": 2, \"sort_order\": 0, \"page\": 7, \"image\": 2, \"caption\": \"\"}]}", "approved_go_live_at": null}}, {"model": "wagtailcore.pagerevision", "pk": 17, "fields": {"page": 8, "submitted_for_moderation": false, "created_at": "2019-01-29T16:34:32.394Z", "user": 1, "content_json": "{\"pk\": 8, \"path\": \"0001000100010003\", \"depth\": 4, \"numchild\": 0, \"title\": \"Soin du visage\", \"draft_title\": \"Soin du visage\", \"slug\": \"soin-du-visage\", \"content_type\": 16, \"live\": true, \"has_unpublished_changes\": false, \"url_path\": \"/home/blog/soin-du-visage/\", \"owner\": 1, \"seo_title\": \"\", \"show_in_menus\": false, \"search_description\": \"\", \"go_live_at\": null, \"expire_at\": null, \"expired\": false, \"locked\": false, \"first_published_at\": \"2019-01-29T15:15:33.271Z\", \"last_published_at\": \"2019-01-29T15:15:33.271Z\", \"latest_revision_created_at\": \"2019-01-29T15:15:32.923Z\", \"live_revision\": 14, \"date\": \"2019-01-29\", \"intro\": \"Offrez-vous un soin unique, adapt\\u00e9 \\u00e0 votre peau\", \"body\": \"<p>Votre beaut\\u00e9 s\\u2019exprime \\u00e0 travers l\\u2019\\u00e9tat de votre peau. Notre peau a besoin de protection, d\\u2019hydratation et d\\u2019apaisement pour rayonner de jour en jour.</p><p><a href=\\\"http://127.0.0.1:8000/\\\">Voir les tarifs</a></p>\", \"gallery_images\": [{\"pk\": 3, \"sort_order\": 0, \"page\": 8, \"image\": 3, \"caption\": \"\"}]}", "approved_go_live_at": null}}, {"model": "wagtailcore.pagerevision", "pk": 18, "fields": {"page": 8, "submitted_for_moderation": false, "created_at": "2019-01-30T07:35:06.325Z", "user": 1, "content_json": "{\"pk\": 8, \"path\": \"0001000100010003\", \"depth\": 4, \"numchild\": 0, \"title\": \"Soin du visage\", \"draft_title\": \"Soin du visage\", \"slug\": \"soin-du-visage\", \"content_type\": 16, \"live\": true, \"has_unpublished_changes\": false, \"url_path\": \"/home/blog/soin-du-visage/\", \"owner\": 1, \"seo_title\": \"\", \"show_in_menus\": false, \"search_description\": \"\", \"go_live_at\": null, \"expire_at\": null, \"expired\": false, \"locked\": false, \"first_published_at\": \"2019-01-29T15:15:33.271Z\", \"last_published_at\": \"2019-01-29T16:34:33.151Z\", \"latest_revision_created_at\": \"2019-01-29T16:34:32.394Z\", \"live_revision\": 17, \"date\": \"2019-01-29\", \"title_fr\": \"reprise\", \"body_fr\": \"<p>Votre beaut\\u00e9 s\\u2019exprime \\u00e0 travers l\\u2019\\u00e9tat de votre peau. Notre peau a besoin de protection, d\\u2019hydratation et d\\u2019apaisement pour rayonner de jour en jour.</p><p><a href=\\\"http://127.0.0.1:8000/\\\">Voir les tarifs</a></p>\", \"body_it\": \"<p>La tua bellezza si esprime attraverso le condizioni della tua pelle. La nostra pelle ha bisogno di protezione, idratazione e lenitivo per irradiare giorno per giorno.</p>\", \"gallery_images\": [{\"pk\": 3, \"sort_order\": 0, \"page\": 8, \"image\": 3, \"caption\": \"\"}]}", "approved_go_live_at": null}}, {"model": "wagtailcore.pagerevision", "pk": 19, "fields": {"page": 8, "submitted_for_moderation": false, "created_at": "2019-01-30T07:41:48.393Z", "user": 1, "content_json": "{\"pk\": 8, \"path\": \"0001000100010003\", \"depth\": 4, \"numchild\": 0, \"title\": \"Italien\", \"draft_title\": \"Soin du visage\", \"slug\": \"soin-du-visage\", \"content_type\": 16, \"live\": true, \"has_unpublished_changes\": false, \"url_path\": \"/home/blog/soin-du-visage/\", \"owner\": 1, \"seo_title\": \"\", \"show_in_menus\": false, \"search_description\": \"\", \"go_live_at\": null, \"expire_at\": null, \"expired\": false, \"locked\": false, \"first_published_at\": \"2019-01-29T15:15:33.271Z\", \"last_published_at\": \"2019-01-30T07:35:06.725Z\", \"latest_revision_created_at\": \"2019-01-30T07:35:06.325Z\", \"live_revision\": 18, \"date\": \"2019-01-29\", \"title_fr\": \"reprise\", \"title_it\": \" \", \"body_fr\": \"<p>Votre beaut\\u00e9 s\\u2019exprime \\u00e0 travers l\\u2019\\u00e9tat de votre peau. Notre peau a besoin de protection, d\\u2019hydratation et d\\u2019apaisement pour rayonner de jour en jour.</p><p><a href=\\\"http://127.0.0.1:8000/\\\">Voir les tarifs</a></p>\", \"body_it\": \"<p>La tua bellezza si esprime attraverso le condizioni della tua pelle. La nostra pelle ha bisogno di protezione, idratazione e lenitivo per irradiare giorno per giorno.</p>\", \"gallery_images\": [{\"pk\": 3, \"sort_order\": 0, \"page\": 8, \"image\": 3, \"caption\": \"\"}]}", "approved_go_live_at": null}}, {"model": "wagtailcore.pagerevision", "pk": 20, "fields": {"page": 8, "submitted_for_moderation": false, "created_at": "2019-01-30T07:49:48.552Z", "user": 1, "content_json": "{\"pk\": 8, \"path\": \"0001000100010003\", \"depth\": 4, \"numchild\": 0, \"title\": \"Soin du visage\", \"draft_title\": \"Italien\", \"slug\": \"soin-du-visage\", \"content_type\": 16, \"live\": true, \"has_unpublished_changes\": false, \"url_path\": \"/home/blog/soin-du-visage/\", \"owner\": 1, \"seo_title\": \"\", \"show_in_menus\": false, \"search_description\": \"\", \"go_live_at\": null, \"expire_at\": null, \"expired\": false, \"locked\": false, \"first_published_at\": \"2019-01-29T15:15:33.271Z\", \"last_published_at\": \"2019-01-30T07:41:48.845Z\", \"latest_revision_created_at\": \"2019-01-30T07:41:48.393Z\", \"live_revision\": 19, \"date\": \"2019-01-29\", \"intro_fr\": \"Soin du visage\", \"intro_it\": \"cura del viso\", \"body_fr\": \"<p>Votre beaut\\u00e9 s\\u2019exprime \\u00e0 travers l\\u2019\\u00e9tat de votre peau. Notre peau a besoin de protection, d\\u2019hydratation et d\\u2019apaisement pour rayonner de jour en jour.</p><p><a href=\\\"http://127.0.0.1:8000/\\\">Voir les tarifs</a></p>\", \"body_it\": \"<p>La tua bellezza si esprime attraverso le condizioni della tua pelle. La nostra pelle ha bisogno di protezione, idratazione e lenitivo per irradiare giorno per giorno.</p>\", \"gallery_images\": [{\"pk\": 3, \"sort_order\": 0, \"page\": 8, \"image\": 3, \"caption\": \"\"}]}", "approved_go_live_at": null}}, {"model": "wagtailcore.pagerevision", "pk": 21, "fields": {"page": 7, "submitted_for_moderation": false, "created_at": "2019-01-30T07:51:03.535Z", "user": 1, "content_json": "{\"pk\": 7, \"path\": \"0001000100010002\", \"depth\": 4, \"numchild\": 0, \"title\": \"Soins des mains et des pieds\", \"draft_title\": \"Soins des mains et des pieds\", \"slug\": \"soins-des-mains\", \"content_type\": 16, \"live\": true, \"has_unpublished_changes\": false, \"url_path\": \"/home/blog/soins-des-mains/\", \"owner\": 1, \"seo_title\": \"\", \"show_in_menus\": false, \"search_description\": \"\", \"go_live_at\": null, \"expire_at\": null, \"expired\": false, \"locked\": false, \"first_published_at\": \"2019-01-29T15:11:56.834Z\", \"last_published_at\": \"2019-01-29T16:34:06.952Z\", \"latest_revision_created_at\": \"2019-01-29T16:34:06.267Z\", \"live_revision\": 16, \"date\": \"2019-01-29\", \"intro_fr\": \"Soins des mains et des pieds\", \"intro_it\": \"Cura delle mani e dei piedi\", \"body_fr\": \"<p>Pour des mains parfaites et des pieds impeccables, votre esth\\u00e9ticienne vous propose diff\\u00e9rents soins.</p><p><a href=\\\"http://127.0.0.1:8000/\\\">Voir les tarifs</a></p>\", \"body_it\": \"<p>Per mani perfette e piedi impeccabili, la tua estetista offre vari trattamenti.</p><p><a href=\\\"http://127.0.0.1:8000/\\\">Vedere i prezzi</a></p>\", \"gallery_images\": [{\"pk\": 2, \"sort_order\": 0, \"page\": 7, \"image\": 2, \"caption\": \"\"}]}", "approved_go_live_at": null}}, {"model": "wagtailcore.pagerevision", "pk": 22, "fields": {"page": 6, "submitted_for_moderation": false, "created_at": "2019-01-30T07:52:43.227Z", "user": 1, "content_json": "{\"pk\": 6, \"path\": \"0001000100010001\", \"depth\": 4, \"numchild\": 0, \"title\": \"Epilations\", \"draft_title\": \"Epilations\", \"slug\": \"epilations\", \"content_type\": 16, \"live\": true, \"has_unpublished_changes\": false, \"url_path\": \"/home/blog/epilations/\", \"owner\": 1, \"seo_title\": \"\", \"show_in_menus\": false, \"search_description\": \"\", \"go_live_at\": null, \"expire_at\": null, \"expired\": false, \"locked\": false, \"first_published_at\": \"2019-01-29T14:05:03.580Z\", \"last_published_at\": \"2019-01-29T14:33:15.080Z\", \"latest_revision_created_at\": \"2019-01-29T14:33:14.672Z\", \"live_revision\": 11, \"date\": \"2019-01-29\", \"intro_fr\": \"Epilations\", \"intro_it\": \"Ceretta\", \"body_fr\": \"<p>Pour une peau douce et parfaitement \\u00e9pil\\u00e9e, votre esth\\u00e9ticienne vous conseille l\\u2019\\u00e9pilation \\u00e0 la cire traditionnelle.</p><p><a href=\\\"http://127.0.0.1:8000/\\\">Voir les tarifs</a></p>\", \"body_it\": \"<p>Per una pelle morbida e perfettamente rasata, la tua estetista ti consiglia di cerare con la cera tradizionale.</p><p><a href=\\\"http://127.0.0.1:8000/\\\">Vedere i prezzi</a></p>\", \"gallery_images\": [{\"pk\": 1, \"sort_order\": 0, \"page\": 6, \"image\": 1, \"caption\": \"\"}]}", "approved_go_live_at": null}}, {"model": "wagtailcore.pagerevision", "pk": 23, "fields": {"page": 4, "submitted_for_moderation": false, "created_at": "2019-01-30T08:14:22.167Z", "user": 1, "content_json": "{\"pk\": 4, \"path\": \"000100010001\", \"depth\": 3, \"numchild\": 3, \"title\": \"Articles de Vanessa Blog\", \"draft_title\": \"Articles de Vanessa\", \"slug\": \"blog\", \"content_type\": 15, \"live\": true, \"has_unpublished_changes\": false, \"url_path\": \"/home/blog/\", \"owner\": 1, \"seo_title\": \"Articles de Vanessa\", \"show_in_menus\": false, \"search_description\": \"\", \"go_live_at\": null, \"expire_at\": null, \"expired\": false, \"locked\": false, \"first_published_at\": \"2019-01-29T13:45:06.437Z\", \"last_published_at\": \"2019-01-29T14:11:30.959Z\", \"latest_revision_created_at\": \"2019-01-29T14:11:30.527Z\", \"live_revision\": 9, \"intro\": \"<p></p>\", \"body\": \"<p></p>\"}", "approved_go_live_at": null}}, {"model": "wagtailcore.pagerevision", "pk": 24, "fields": {"page": 8, "submitted_for_moderation": false, "created_at": "2019-01-30T08:14:47.889Z", "user": 1, "content_json": "{\"pk\": 8, \"path\": \"0001000100010003\", \"depth\": 4, \"numchild\": 0, \"title\": \"Soin du visage\", \"draft_title\": \"Soin du visage\", \"slug\": \"soin-du-visage\", \"content_type\": 16, \"live\": true, \"has_unpublished_changes\": false, \"url_path\": \"/home/blog/soin-du-visage/\", \"owner\": 1, \"seo_title\": \"\", \"show_in_menus\": false, \"search_description\": \"\", \"go_live_at\": null, \"expire_at\": null, \"expired\": false, \"locked\": false, \"first_published_at\": \"2019-01-29T15:15:33.271Z\", \"last_published_at\": \"2019-01-30T07:49:48.946Z\", \"latest_revision_created_at\": \"2019-01-30T07:49:48.552Z\", \"live_revision\": 20, \"date\": \"2019-01-29\", \"intro_fr\": \"Soin du visage\", \"intro_it\": \"Cura del viso\", \"body_fr\": \"<p>Votre beaut\\u00e9 s\\u2019exprime \\u00e0 travers l\\u2019\\u00e9tat de votre peau. Notre peau a besoin de protection, d\\u2019hydratation et d\\u2019apaisement pour rayonner de jour en jour.</p><p><a href=\\\"http://127.0.0.1:8000/\\\">Voir les tarifs</a></p>\", \"body_it\": \"<p>La tua bellezza si esprime attraverso le condizioni della tua pelle. La nostra pelle ha bisogno di protezione, idratazione e lenitivo per irradiare giorno per giorno.</p>\", \"gallery_images\": [{\"pk\": 3, \"sort_order\": 0, \"page\": 8, \"image\": 3, \"caption\": \"\"}]}", "approved_go_live_at": null}}, {"model": "wagtailcore.grouppagepermission", "pk": 1, "fields": {"group": 1, "page": 1, "permission_type": "add"}}, {"model": "wagtailcore.grouppagepermission", "pk": 2, "fields": {"group": 1, "page": 1, "permission_type": "edit"}}, {"model": "wagtailcore.grouppagepermission", "pk": 3, "fields": {"group": 1, "page": 1, "permission_type": "publish"}}, {"model": "wagtailcore.grouppagepermission", "pk": 4, "fields": {"group": 2, "page": 1, "permission_type": "add"}}, {"model": "wagtailcore.grouppagepermission", "pk": 5, "fields": {"group": 2, "page": 1, "permission_type": "edit"}}, {"model": "wagtailcore.grouppagepermission", "pk": 6, "fields": {"group": 1, "page": 1, "permission_type": "lock"}}, {"model": "wagtailcore.groupcollectionpermission", "pk": 1, "fields": {"group": 1, "collection": 1, "permission": 41}}, {"model": "wagtailcore.groupcollectionpermission", "pk": 2, "fields": {"group": 2, "collection": 1, "permission": 41}}, {"model": "wagtailcore.groupcollectionpermission", "pk": 3, "fields": {"group": 1, "collection": 1, "permission": 42}}, {"model": "wagtailcore.groupcollectionpermission", "pk": 4, "fields": {"group": 2, "collection": 1, "permission": 42}}, {"model": "wagtailcore.groupcollectionpermission", "pk": 5, "fields": {"group": 1, "collection": 1, "permission": 45}}, {"model": "wagtailcore.groupcollectionpermission", "pk": 6, "fields": {"group": 2, "collection": 1, "permission": 45}}, {"model": "wagtailcore.groupcollectionpermission", "pk": 7, "fields": {"group": 1, "collection": 1, "permission": 46}}, {"model": "wagtailcore.groupcollectionpermission", "pk": 8, "fields": {"group": 2, "collection": 1, "permission": 46}}, {"model": "admin.logentry", "pk": 1, "fields": {"action_time": "2018-12-19T11:08:09.242Z", "user": 1, "content_type": 8, "object_id": "1", "object_repr": "Soin des ongles et des mains", "action_flag": 1, "change_message": "[{\"added\": {}}]"}}, {"model": "admin.logentry", "pk": 2, "fields": {"action_time": "2018-12-19T11:08:21.256Z", "user": 1, "content_type": 7, "object_id": "1", "object_repr": "Manucure - Pose de vernis", "action_flag": 1, "change_message": "[{\"added\": {}}]"}}, {"model": "admin.logentry", "pk": 3, "fields": {"action_time": "2018-12-19T13:26:01.886Z", "user": 1, "content_type": 8, "object_id": "1", "object_repr": "Soin des ongles et des mains", "action_flag": 2, "change_message": "[{\"changed\": {\"fields\": [\"name_it\"]}}]"}}, {"model": "admin.logentry", "pk": 4, "fields": {"action_time": "2018-12-19T13:27:46.036Z", "user": 1, "content_type": 8, "object_id": "1", "object_repr": "Soin des ongles et des mains", "action_flag": 2, "change_message": "[]"}}, {"model": "admin.logentry", "pk": 5, "fields": {"action_time": "2018-12-19T16:43:15.140Z", "user": 1, "content_type": 8, "object_id": "2", "object_repr": "Soins des Pieds (P\u00e9dicure - Gommage - Cr\u00e8me - Modelage)", "action_flag": 1, "change_message": "[{\"added\": {}}]"}}, {"model": "admin.logentry", "pk": 6, "fields": {"action_time": "2018-12-19T16:43:48.026Z", "user": 1, "content_type": 8, "object_id": "3", "object_repr": "Epilations", "action_flag": 1, "change_message": "[{\"added\": {}}]"}}, {"model": "admin.logentry", "pk": 7, "fields": {"action_time": "2018-12-19T16:44:30.301Z", "user": 1, "content_type": 8, "object_id": "4", "object_repr": "Soins du visage", "action_flag": 1, "change_message": "[{\"added\": {}}]"}}, {"model": "admin.logentry", "pk": 8, "fields": {"action_time": "2018-12-19T16:45:29.140Z", "user": 1, "content_type": 7, "object_id": "1", "object_repr": "Manucure - Pose de vernis", "action_flag": 2, "change_message": "[]"}}, {"model": "admin.logentry", "pk": 9, "fields": {"action_time": "2018-12-19T16:47:07.486Z", "user": 1, "content_type": 7, "object_id": "2", "object_repr": "Manucure - Pose de vernis semi-permament", "action_flag": 1, "change_message": "[{\"added\": {}}]"}}, {"model": "admin.logentry", "pk": 10, "fields": {"action_time": "2018-12-19T16:50:45.117Z", "user": 1, "content_type": 7, "object_id": "3", "object_repr": "Soin des mains", "action_flag": 1, "change_message": "[{\"added\": {}}]"}}, {"model": "admin.logentry", "pk": 11, "fields": {"action_time": "2018-12-19T16:52:31.931Z", "user": 1, "content_type": 7, "object_id": "3", "object_repr": "Soin des mains (manucure - pose de vernis)", "action_flag": 2, "change_message": "[{\"changed\": {\"fields\": [\"name\"]}}]"}}, {"model": "admin.logentry", "pk": 12, "fields": {"action_time": "2018-12-19T16:53:54.607Z", "user": 1, "content_type": 7, "object_id": "4", "object_repr": "Soins des mains (manucure - pose de vernis semi-permanent)", "action_flag": 1, "change_message": "[{\"added\": {}}]"}}, {"model": "admin.logentry", "pk": 13, "fields": {"action_time": "2018-12-19T16:55:41.337Z", "user": 1, "content_type": 7, "object_id": "5", "object_repr": "Pose compl\u00e8te de gel (avec capsules)", "action_flag": 1, "change_message": "[{\"added\": {}}]"}}, {"model": "admin.logentry", "pk": 14, "fields": {"action_time": "2018-12-19T16:56:54.928Z", "user": 1, "content_type": 7, "object_id": "6", "object_repr": "Pose gel sur ongles naturels", "action_flag": 1, "change_message": "[{\"added\": {}}]"}}, {"model": "admin.logentry", "pk": 15, "fields": {"action_time": "2018-12-19T16:57:31.323Z", "user": 1, "content_type": 7, "object_id": "7", "object_repr": "Remplissage gel", "action_flag": 1, "change_message": "[{\"added\": {}}]"}}, {"model": "admin.logentry", "pk": 16, "fields": {"action_time": "2018-12-19T16:58:24.463Z", "user": 1, "content_type": 7, "object_id": "8", "object_repr": "Manucure homme", "action_flag": 1, "change_message": "[{\"added\": {}}]"}}, {"model": "admin.logentry", "pk": 17, "fields": {"action_time": "2018-12-19T16:59:30.293Z", "user": 1, "content_type": 7, "object_id": "9", "object_repr": "Beaut\u00e9 des pieds - pose de vernis", "action_flag": 1, "change_message": "[{\"added\": {}}]"}}, {"model": "admin.logentry", "pk": 18, "fields": {"action_time": "2018-12-19T17:01:32.430Z", "user": 1, "content_type": 7, "object_id": "10", "object_repr": "Beaut\u00e9 des pieds - pose de vernis semi-permanent", "action_flag": 1, "change_message": "[{\"added\": {}}]"}}, {"model": "admin.logentry", "pk": 19, "fields": {"action_time": "2018-12-19T17:02:57.763Z", "user": 1, "content_type": 7, "object_id": "11", "object_repr": "Beaut\u00e9 des pieds - pose de gel", "action_flag": 1, "change_message": "[{\"added\": {}}]"}}, {"model": "admin.logentry", "pk": 20, "fields": {"action_time": "2018-12-19T17:04:01.646Z", "user": 1, "content_type": 7, "object_id": "12", "object_repr": "Beaut\u00e9 des pieds - homme", "action_flag": 1, "change_message": "[{\"added\": {}}]"}}, {"model": "admin.logentry", "pk": 21, "fields": {"action_time": "2018-12-19T17:07:16.472Z", "user": 1, "content_type": 7, "object_id": "13", "object_repr": "Sourcils - entretien", "action_flag": 1, "change_message": "[{\"added\": {}}]"}}, {"model": "admin.logentry", "pk": 22, "fields": {"action_time": "2018-12-19T17:09:06.803Z", "user": 1, "content_type": 7, "object_id": "14", "object_repr": "Sourcils - cr\u00e9ation", "action_flag": 1, "change_message": "[{\"added\": {}}]"}}, {"model": "admin.logentry", "pk": 23, "fields": {"action_time": "2018-12-19T17:09:55.223Z", "user": 1, "content_type": 7, "object_id": "15", "object_repr": "L\u00e8vres", "action_flag": 1, "change_message": "[{\"added\": {}}]"}}, {"model": "admin.logentry", "pk": 24, "fields": {"action_time": "2018-12-19T17:10:04.221Z", "user": 1, "content_type": 7, "object_id": "15", "object_repr": "L\u00e8vres", "action_flag": 2, "change_message": "[]"}}, {"model": "admin.logentry", "pk": 25, "fields": {"action_time": "2018-12-19T17:10:25.610Z", "user": 1, "content_type": 7, "object_id": "1", "object_repr": "Manucure - pose de vernis", "action_flag": 2, "change_message": "[{\"changed\": {\"fields\": [\"name\"]}}]"}}, {"model": "admin.logentry", "pk": 26, "fields": {"action_time": "2018-12-19T17:10:39.559Z", "user": 1, "content_type": 7, "object_id": "2", "object_repr": "Manucure - pose de vernis semi-permament", "action_flag": 2, "change_message": "[{\"changed\": {\"fields\": [\"name\"]}}]"}}, {"model": "admin.logentry", "pk": 27, "fields": {"action_time": "2018-12-19T17:11:19.762Z", "user": 1, "content_type": 7, "object_id": "16", "object_repr": "Aiselles", "action_flag": 1, "change_message": "[{\"added\": {}}]"}}, {"model": "admin.logentry", "pk": 28, "fields": {"action_time": "2018-12-19T17:14:29.534Z", "user": 1, "content_type": 7, "object_id": "17", "object_repr": "Maillot classique", "action_flag": 1, "change_message": "[{\"added\": {}}]"}}, {"model": "admin.logentry", "pk": 29, "fields": {"action_time": "2018-12-19T17:15:24.540Z", "user": 1, "content_type": 7, "object_id": "18", "object_repr": "Maillot Br\u00e9silien", "action_flag": 1, "change_message": "[{\"added\": {}}]"}}, {"model": "admin.logentry", "pk": 30, "fields": {"action_time": "2018-12-19T17:16:15.463Z", "user": 1, "content_type": 7, "object_id": "19", "object_repr": "Maillot int\u00e9gral", "action_flag": 1, "change_message": "[{\"added\": {}}]"}}, {"model": "admin.logentry", "pk": 31, "fields": {"action_time": "2018-12-19T17:16:56.358Z", "user": 1, "content_type": 7, "object_id": "20", "object_repr": "Demi-jambes", "action_flag": 1, "change_message": "[{\"added\": {}}]"}}, {"model": "admin.logentry", "pk": 32, "fields": {"action_time": "2018-12-19T17:17:46.549Z", "user": 1, "content_type": 7, "object_id": "21", "object_repr": "Jambes enti\u00e8res", "action_flag": 1, "change_message": "[{\"added\": {}}]"}}, {"model": "admin.logentry", "pk": 33, "fields": {"action_time": "2018-12-19T17:20:15.034Z", "user": 1, "content_type": 7, "object_id": "22", "object_repr": "Soins nettoyants de 45 minutes - Purifiant", "action_flag": 1, "change_message": "[{\"added\": {}}]"}}, {"model": "admin.logentry", "pk": 34, "fields": {"action_time": "2018-12-19T17:21:23.271Z", "user": 1, "content_type": 7, "object_id": "23", "object_repr": "Soins nettoyants de 45 minutes - Hydratant", "action_flag": 1, "change_message": "[{\"added\": {}}]"}}, {"model": "admin.logentry", "pk": 35, "fields": {"action_time": "2018-12-19T17:22:22.807Z", "user": 1, "content_type": 7, "object_id": "24", "object_repr": "Soins nettoyants de 45 minutes - Tonifiant", "action_flag": 1, "change_message": "[{\"added\": {}}]"}}, {"model": "admin.logentry", "pk": 36, "fields": {"action_time": "2018-12-19T17:23:07.028Z", "user": 1, "content_type": 7, "object_id": "25", "object_repr": "Soins nettoyants de 45 minutes - Douceur", "action_flag": 1, "change_message": "[{\"added\": {}}]"}}, {"model": "admin.logentry", "pk": 37, "fields": {"action_time": "2018-12-19T17:23:58.837Z", "user": 1, "content_type": 7, "object_id": "25", "object_repr": "Soins nettoyants de 45 minutes - Douceur", "action_flag": 2, "change_message": "[{\"changed\": {\"fields\": [\"display_order\"]}}]"}}, {"model": "admin.logentry", "pk": 38, "fields": {"action_time": "2018-12-19T17:25:47.997Z", "user": 1, "content_type": 7, "object_id": "26", "object_repr": "Soins r\u00e9\u00e9quilibrants intensifs de 60 minutes - Puret\u00e9", "action_flag": 1, "change_message": "[{\"added\": {}}]"}}, {"model": "admin.logentry", "pk": 39, "fields": {"action_time": "2018-12-19T17:27:06.314Z", "user": 1, "content_type": 7, "object_id": "27", "object_repr": "Soins r\u00e9\u00e9quilibrants intensifs de 60 minutes - Hydratant", "action_flag": 1, "change_message": "[{\"added\": {}}]"}}, {"model": "admin.logentry", "pk": 40, "fields": {"action_time": "2018-12-19T17:27:59.100Z", "user": 1, "content_type": 7, "object_id": "28", "object_repr": "Soins r\u00e9\u00e9quilibrants intensifs de 60 minutes - Douceur", "action_flag": 1, "change_message": "[{\"added\": {}}]"}}, {"model": "admin.logentry", "pk": 41, "fields": {"action_time": "2018-12-19T17:28:54.517Z", "user": 1, "content_type": 7, "object_id": "29", "object_repr": "Soins r\u00e9\u00e9quilibrants intensifs de 60 minutes - Jeunesse", "action_flag": 1, "change_message": "[{\"added\": {}}]"}}, {"model": "admin.logentry", "pk": 42, "fields": {"action_time": "2018-12-20T11:16:47.967Z", "user": 1, "content_type": 8, "object_id": "2", "object_repr": "Soins des Pieds", "action_flag": 2, "change_message": "[{\"changed\": {\"fields\": [\"name\", \"description\"]}}]"}}, {"model": "admin.logentry", "pk": 43, "fields": {"action_time": "2019-01-08T13:09:06.072Z", "user": 1, "content_type": 7, "object_id": "4", "object_repr": "Soins des mains (manucure - pose de vernis semi-permanent)", "action_flag": 2, "change_message": "[{\"changed\": {\"fields\": [\"name_it\"]}}]"}}, {"model": "admin.logentry", "pk": 44, "fields": {"action_time": "2019-01-08T13:09:27.866Z", "user": 1, "content_type": 7, "object_id": "4", "object_repr": "Soins des mains (manucure - pose de vernis semi-permanent)", "action_flag": 2, "change_message": "[{\"changed\": {\"fields\": [\"name_it\"]}}]"}}, {"model": "admin.logentry", "pk": 45, "fields": {"action_time": "2019-01-08T13:10:32.005Z", "user": 1, "content_type": 7, "object_id": "3", "object_repr": "Soin des mains (manucure - pose de vernis)", "action_flag": 2, "change_message": "[{\"changed\": {\"fields\": [\"name_it\"]}}]"}}, {"model": "admin.logentry", "pk": 46, "fields": {"action_time": "2019-01-08T13:14:03.047Z", "user": 1, "content_type": 7, "object_id": "22", "object_repr": "Soins nettoyants de 45 minutes - Purifiant", "action_flag": 2, "change_message": "[{\"changed\": {\"fields\": [\"name_it\"]}}]"}}, {"model": "admin.logentry", "pk": 47, "fields": {"action_time": "2019-01-08T13:14:43.158Z", "user": 1, "content_type": 7, "object_id": "23", "object_repr": "Soins nettoyants de 45 minutes - Hydratant", "action_flag": 2, "change_message": "[{\"changed\": {\"fields\": [\"name_it\"]}}]"}}, {"model": "admin.logentry", "pk": 48, "fields": {"action_time": "2019-01-08T13:15:33.019Z", "user": 1, "content_type": 7, "object_id": "24", "object_repr": "Soins nettoyants de 45 minutes - Tonifiant", "action_flag": 2, "change_message": "[{\"changed\": {\"fields\": [\"name_it\"]}}]"}}, {"model": "admin.logentry", "pk": 49, "fields": {"action_time": "2019-01-08T13:16:12.448Z", "user": 1, "content_type": 7, "object_id": "25", "object_repr": "Soins nettoyants de 45 minutes - Douceur", "action_flag": 2, "change_message": "[{\"changed\": {\"fields\": [\"name_it\"]}}]"}}, {"model": "admin.logentry", "pk": 50, "fields": {"action_time": "2019-01-08T13:16:54.049Z", "user": 1, "content_type": 7, "object_id": "26", "object_repr": "Soins r\u00e9\u00e9quilibrants intensifs de 60 minutes - Puret\u00e9", "action_flag": 2, "change_message": "[{\"changed\": {\"fields\": [\"name_it\"]}}]"}}, {"model": "admin.logentry", "pk": 51, "fields": {"action_time": "2019-01-08T13:17:27.819Z", "user": 1, "content_type": 7, "object_id": "27", "object_repr": "Soins r\u00e9\u00e9quilibrants intensifs de 60 minutes - Hydratant", "action_flag": 2, "change_message": "[{\"changed\": {\"fields\": [\"name_it\"]}}]"}}, {"model": "admin.logentry", "pk": 52, "fields": {"action_time": "2019-01-08T13:18:00.316Z", "user": 1, "content_type": 7, "object_id": "28", "object_repr": "Soins r\u00e9\u00e9quilibrants intensifs de 60 minutes - Douceur", "action_flag": 2, "change_message": "[{\"changed\": {\"fields\": [\"name_it\"]}}]"}}, {"model": "admin.logentry", "pk": 53, "fields": {"action_time": "2019-01-08T13:18:35.915Z", "user": 1, "content_type": 7, "object_id": "29", "object_repr": "Soins r\u00e9\u00e9quilibrants intensifs de 60 minutes - Jeunesse", "action_flag": 2, "change_message": "[{\"changed\": {\"fields\": [\"name_it\"]}}]"}}, {"model": "admin.logentry", "pk": 54, "fields": {"action_time": "2019-01-22T15:19:58.856Z", "user": 1, "content_type": 7, "object_id": "29", "object_repr": "Soins r\u00e9\u00e9quilibrants intensifs de 60 minutes - Jeunesse", "action_flag": 2, "change_message": "[{\"changed\": {\"fields\": [\"price_it\"]}}]"}}, {"model": "admin.logentry", "pk": 55, "fields": {"action_time": "2019-01-22T15:36:47.611Z", "user": 1, "content_type": 7, "object_id": "1", "object_repr": "Manucure - pose de vernis", "action_flag": 2, "change_message": "[{\"changed\": {\"fields\": [\"price_it\"]}}]"}}, {"model": "admin.logentry", "pk": 56, "fields": {"action_time": "2019-01-22T15:37:07.830Z", "user": 1, "content_type": 7, "object_id": "2", "object_repr": "Manucure - pose de vernis semi-permament", "action_flag": 2, "change_message": "[{\"changed\": {\"fields\": [\"price_it\"]}}]"}}, {"model": "admin.logentry", "pk": 57, "fields": {"action_time": "2019-01-22T15:39:05.189Z", "user": 1, "content_type": 7, "object_id": "3", "object_repr": "Soin des mains (manucure - pose de vernis)", "action_flag": 2, "change_message": "[{\"changed\": {\"fields\": [\"price_it\"]}}]"}}, {"model": "admin.logentry", "pk": 58, "fields": {"action_time": "2019-01-22T15:39:22.197Z", "user": 1, "content_type": 7, "object_id": "4", "object_repr": "Soins des mains (manucure - pose de vernis semi-permanent)", "action_flag": 2, "change_message": "[{\"changed\": {\"fields\": [\"price_it\"]}}]"}}, {"model": "admin.logentry", "pk": 59, "fields": {"action_time": "2019-01-22T15:39:41.388Z", "user": 1, "content_type": 7, "object_id": "5", "object_repr": "Pose compl\u00e8te de gel (avec capsules)", "action_flag": 2, "change_message": "[{\"changed\": {\"fields\": [\"price_it\"]}}]"}}, {"model": "admin.logentry", "pk": 60, "fields": {"action_time": "2019-01-22T15:39:53.458Z", "user": 1, "content_type": 7, "object_id": "6", "object_repr": "Pose gel sur ongles naturels", "action_flag": 2, "change_message": "[{\"changed\": {\"fields\": [\"price_it\"]}}]"}}, {"model": "admin.logentry", "pk": 61, "fields": {"action_time": "2019-01-22T15:40:08.415Z", "user": 1, "content_type": 7, "object_id": "7", "object_repr": "Remplissage gel", "action_flag": 2, "change_message": "[{\"changed\": {\"fields\": [\"price_it\"]}}]"}}, {"model": "admin.logentry", "pk": 62, "fields": {"action_time": "2019-01-22T15:40:35.641Z", "user": 1, "content_type": 7, "object_id": "8", "object_repr": "Manucure homme", "action_flag": 2, "change_message": "[{\"changed\": {\"fields\": [\"price_it\"]}}]"}}, {"model": "admin.logentry", "pk": 63, "fields": {"action_time": "2019-01-22T15:40:50.671Z", "user": 1, "content_type": 7, "object_id": "9", "object_repr": "Beaut\u00e9 des pieds - pose de vernis", "action_flag": 2, "change_message": "[{\"changed\": {\"fields\": [\"price_it\"]}}]"}}, {"model": "admin.logentry", "pk": 64, "fields": {"action_time": "2019-01-22T15:41:03.535Z", "user": 1, "content_type": 7, "object_id": "9", "object_repr": "Beaut\u00e9 des pieds - pose de vernis", "action_flag": 2, "change_message": "[]"}}, {"model": "admin.logentry", "pk": 65, "fields": {"action_time": "2019-01-22T15:41:16.649Z", "user": 1, "content_type": 7, "object_id": "13", "object_repr": "Sourcils - entretien", "action_flag": 2, "change_message": "[{\"changed\": {\"fields\": [\"price_it\"]}}]"}}, {"model": "admin.logentry", "pk": 66, "fields": {"action_time": "2019-01-22T15:41:32.801Z", "user": 1, "content_type": 7, "object_id": "14", "object_repr": "Sourcils - cr\u00e9ation", "action_flag": 2, "change_message": "[{\"changed\": {\"fields\": [\"price_it\"]}}]"}}, {"model": "admin.logentry", "pk": 67, "fields": {"action_time": "2019-01-22T15:41:47.762Z", "user": 1, "content_type": 7, "object_id": "15", "object_repr": "L\u00e8vres", "action_flag": 2, "change_message": "[{\"changed\": {\"fields\": [\"price_it\"]}}]"}}, {"model": "admin.logentry", "pk": 68, "fields": {"action_time": "2019-01-22T15:42:02.674Z", "user": 1, "content_type": 7, "object_id": "17", "object_repr": "Maillot classique", "action_flag": 2, "change_message": "[{\"changed\": {\"fields\": [\"price_it\"]}}]"}}, {"model": "admin.logentry", "pk": 69, "fields": {"action_time": "2019-01-22T15:42:15.507Z", "user": 1, "content_type": 7, "object_id": "18", "object_repr": "Maillot Br\u00e9silien", "action_flag": 2, "change_message": "[{\"changed\": {\"fields\": [\"price_it\"]}}]"}}, {"model": "admin.logentry", "pk": 70, "fields": {"action_time": "2019-01-22T15:42:26.981Z", "user": 1, "content_type": 7, "object_id": "19", "object_repr": "Maillot int\u00e9gral", "action_flag": 2, "change_message": "[{\"changed\": {\"fields\": [\"price_it\"]}}]"}}, {"model": "admin.logentry", "pk": 71, "fields": {"action_time": "2019-01-22T15:42:37.183Z", "user": 1, "content_type": 7, "object_id": "20", "object_repr": "Demi-jambes", "action_flag": 2, "change_message": "[{\"changed\": {\"fields\": [\"price_it\"]}}]"}}, {"model": "admin.logentry", "pk": 72, "fields": {"action_time": "2019-01-22T15:42:54.568Z", "user": 1, "content_type": 7, "object_id": "21", "object_repr": "Jambes enti\u00e8res", "action_flag": 2, "change_message": "[{\"changed\": {\"fields\": [\"price_it\"]}}]"}}, {"model": "admin.logentry", "pk": 73, "fields": {"action_time": "2019-01-22T15:43:07.315Z", "user": 1, "content_type": 7, "object_id": "21", "object_repr": "Jambes enti\u00e8res", "action_flag": 2, "change_message": "[]"}}, {"model": "admin.logentry", "pk": 74, "fields": {"action_time": "2019-01-22T15:43:17.196Z", "user": 1, "content_type": 7, "object_id": "22", "object_repr": "Soins nettoyants de 45 minutes - Purifiant", "action_flag": 2, "change_message": "[{\"changed\": {\"fields\": [\"price_it\"]}}]"}}, {"model": "admin.logentry", "pk": 75, "fields": {"action_time": "2019-01-22T15:43:31.177Z", "user": 1, "content_type": 7, "object_id": "23", "object_repr": "Soins nettoyants de 45 minutes - Hydratant", "action_flag": 2, "change_message": "[{\"changed\": {\"fields\": [\"price_it\"]}}]"}}, {"model": "admin.logentry", "pk": 76, "fields": {"action_time": "2019-01-22T15:43:49.288Z", "user": 1, "content_type": 7, "object_id": "24", "object_repr": "Soins nettoyants de 45 minutes - Tonifiant", "action_flag": 2, "change_message": "[{\"changed\": {\"fields\": [\"price_it\"]}}]"}}, {"model": "admin.logentry", "pk": 77, "fields": {"action_time": "2019-01-22T15:44:00.324Z", "user": 1, "content_type": 7, "object_id": "22", "object_repr": "Soins nettoyants de 45 minutes - Purifiant", "action_flag": 2, "change_message": "[{\"changed\": {\"fields\": [\"price_it\"]}}]"}}, {"model": "admin.logentry", "pk": 78, "fields": {"action_time": "2019-01-22T15:44:11.745Z", "user": 1, "content_type": 7, "object_id": "23", "object_repr": "Soins nettoyants de 45 minutes - Hydratant", "action_flag": 2, "change_message": "[{\"changed\": {\"fields\": [\"price_it\"]}}]"}}, {"model": "admin.logentry", "pk": 79, "fields": {"action_time": "2019-01-22T15:44:20.051Z", "user": 1, "content_type": 7, "object_id": "24", "object_repr": "Soins nettoyants de 45 minutes - Tonifiant", "action_flag": 2, "change_message": "[]"}}, {"model": "admin.logentry", "pk": 80, "fields": {"action_time": "2019-01-22T15:44:30.548Z", "user": 1, "content_type": 7, "object_id": "25", "object_repr": "Soins nettoyants de 45 minutes - Douceur", "action_flag": 2, "change_message": "[{\"changed\": {\"fields\": [\"price_it\"]}}]"}}, {"model": "admin.logentry", "pk": 81, "fields": {"action_time": "2019-01-22T15:44:51.853Z", "user": 1, "content_type": 7, "object_id": "26", "object_repr": "Soins r\u00e9\u00e9quilibrants intensifs de 60 minutes - Puret\u00e9", "action_flag": 2, "change_message": "[{\"changed\": {\"fields\": [\"price_it\"]}}]"}}, {"model": "admin.logentry", "pk": 82, "fields": {"action_time": "2019-01-22T15:45:13.491Z", "user": 1, "content_type": 7, "object_id": "27", "object_repr": "Soins r\u00e9\u00e9quilibrants intensifs de 60 minutes - Hydratant", "action_flag": 2, "change_message": "[{\"changed\": {\"fields\": [\"price_it\"]}}]"}}, {"model": "admin.logentry", "pk": 83, "fields": {"action_time": "2019-01-22T15:45:30.139Z", "user": 1, "content_type": 7, "object_id": "28", "object_repr": "Soins r\u00e9\u00e9quilibrants intensifs de 60 minutes - Douceur", "action_flag": 2, "change_message": "[{\"changed\": {\"fields\": [\"price_it\"]}}]"}}, {"model": "admin.logentry", "pk": 84, "fields": {"action_time": "2019-01-22T15:47:01.268Z", "user": 1, "content_type": 7, "object_id": "29", "object_repr": "Soins r\u00e9\u00e9quilibrants intensifs de 60 minutes - Jeunesse", "action_flag": 3, "change_message": ""}}, {"model": "admin.logentry", "pk": 85, "fields": {"action_time": "2019-01-22T15:47:44.849Z", "user": 1, "content_type": 7, "object_id": "9", "object_repr": "Beaut\u00e9 des pieds - pose de vernis", "action_flag": 2, "change_message": "[{\"changed\": {\"fields\": [\"price_it\"]}}]"}}, {"model": "admin.logentry", "pk": 86, "fields": {"action_time": "2019-01-22T15:48:00.720Z", "user": 1, "content_type": 7, "object_id": "10", "object_repr": "Beaut\u00e9 des pieds - pose de vernis semi-permanent", "action_flag": 2, "change_message": "[{\"changed\": {\"fields\": [\"price_it\"]}}]"}}, {"model": "admin.logentry", "pk": 87, "fields": {"action_time": "2019-01-22T15:48:23.539Z", "user": 1, "content_type": 7, "object_id": "11", "object_repr": "Beaut\u00e9 des pieds - pose de gel", "action_flag": 2, "change_message": "[{\"changed\": {\"fields\": [\"price_it\"]}}]"}}, {"model": "admin.logentry", "pk": 88, "fields": {"action_time": "2019-01-22T15:48:42.883Z", "user": 1, "content_type": 7, "object_id": "12", "object_repr": "Beaut\u00e9 des pieds - homme", "action_flag": 2, "change_message": "[{\"changed\": {\"fields\": [\"price_it\"]}}]"}}, {"model": "admin.logentry", "pk": 89, "fields": {"action_time": "2019-01-22T16:17:53.147Z", "user": 1, "content_type": 7, "object_id": "20", "object_repr": "Demi-jambes", "action_flag": 2, "change_message": "[]"}}, {"model": "admin.logentry", "pk": 90, "fields": {"action_time": "2019-01-30T08:10:45.474Z", "user": 1, "content_type": 8, "object_id": "3", "object_repr": "Epilation", "action_flag": 2, "change_message": "[{\"changed\": {\"fields\": [\"name\"]}}]"}}]