[{"model": "contenttypes.contenttype", "pk": 1, "fields": {"app_label": "wagtailcore", "model": "page"}}, {"model": "contenttypes.contenttype", "pk": 2, "fields": {"app_label": "wagtailimages", "model": "image"}}, {"model": "contenttypes.contenttype", "pk": 3, "fields": {"app_label": "wagtailadmin", "model": "admin"}}, {"model": "contenttypes.contenttype", "pk": 4, "fields": {"app_label": "wagtaildocs", "model": "document"}}, {"model": "contenttypes.contenttype", "pk": 5, "fields": {"app_label": "jet", "model": "bookmark"}}, {"model": "contenttypes.contenttype", "pk": 6, "fields": {"app_label": "jet", "model": "pinnedapplication"}}, {"model": "contenttypes.contenttype", "pk": 7, "fields": {"app_label": "admin", "model": "logentry"}}, {"model": "contenttypes.contenttype", "pk": 8, "fields": {"app_label": "auth", "model": "permission"}}, {"model": "contenttypes.contenttype", "pk": 9, "fields": {"app_label": "auth", "model": "group"}}, {"model": "contenttypes.contenttype", "pk": 10, "fields": {"app_label": "auth", "model": "user"}}, {"model": "contenttypes.contenttype", "pk": 11, "fields": {"app_label": "contenttypes", "model": "contenttype"}}, {"model": "contenttypes.contenttype", "pk": 12, "fields": {"app_label": "sessions", "model": "session"}}, {"model": "contenttypes.contenttype", "pk": 13, "fields": {"app_label": "soins", "model": "care"}}, {"model": "contenttypes.contenttype", "pk": 14, "fields": {"app_label": "soins", "model": "family_care"}}, {"model": "contenttypes.contenttype", "pk": 15, "fields": {"app_label": "blog", "model": "blogindexpage"}}, {"model": "contenttypes.contenttype", "pk": 16, "fields": {"app_label": "blog", "model": "blogpage"}}, {"model": "contenttypes.contenttype", "pk": 17, "fields": {"app_label": "blog", "model": "blogpagegalleryimage"}}, {"model": "contenttypes.contenttype", "pk": 18, "fields": {"app_label": "wagtailforms", "model": "formsubmission"}}, {"model": "contenttypes.contenttype", "pk": 19, "fields": {"app_label": "wagtailredirects", "model": "redirect"}}, {"model": "contenttypes.contenttype", "pk": 20, "fields": {"app_label": "wagtailembeds", "model": "embed"}}, {"model": "contenttypes.contenttype", "pk": 21, "fields": {"app_label": "wagtailusers", "model": "userprofile"}}, {"model": "contenttypes.contenttype", "pk": 22, "fields": {"app_label": "wagtailimages", "model": "rendition"}}, {"model": "contenttypes.contenttype", "pk": 23, "fields": {"app_label": "wagtailsearch", "model": "query"}}, {"model": "contenttypes.contenttype", "pk": 24, "fields": {"app_label": "wagtailsearch", "model": "querydailyhits"}}, {"model": "contenttypes.contenttype", "pk": 25, "fields": {"app_label": "wagtailcore", "model": "grouppagepermission"}}, {"model": "contenttypes.contenttype", "pk": 26, "fields": {"app_label": "wagtailcore", "model": "pagerevision"}}, {"model": "contenttypes.contenttype", "pk": 27, "fields": {"app_label": "wagtailcore", "model": "pageviewrestriction"}}, {"model": "contenttypes.contenttype", "pk": 28, "fields": {"app_label": "wagtailcore", "model": "site"}}, {"model": "contenttypes.contenttype", "pk": 29, "fields": {"app_label": "wagtailcore", "model": "collection"}}, {"model": "contenttypes.contenttype", "pk": 30, "fields": {"app_label": "wagtailcore", "model": "groupcollectionpermission"}}, {"model": "contenttypes.contenttype", "pk": 31, "fields": {"app_label": "wagtailcore", "model": "collectionviewrestriction"}}, {"model": "contenttypes.contenttype", "pk": 32, "fields": {"app_label": "taggit", "model": "tag"}}, {"model": "contenttypes.contenttype", "pk": 33, "fields": {"app_label": "taggit", "model": "taggeditem"}}, {"model": "sessions.session", "pk": "0na3a29sbl5ws3txlixts684y1lx6vye", "fields": {"session_data": "M2E2YTEzMWZlMTJmMjk4ZjJmNGIxZWJhMjRmOWI5NTAxODBlYjY3NDp7Il9hdXRoX3VzZXJfaWQiOiIxIiwiX2F1dGhfdXNlcl9iYWNrZW5kIjoiZGphbmdvLmNvbnRyaWIuYXV0aC5iYWNrZW5kcy5Nb2RlbEJhY2tlbmQiLCJfYXV0aF91c2VyX2hhc2giOiJhZDlhNTdmZWI2NGUxNzhlYzhhMzYyMGYwODFjZTc5MjRiZjFlZmViIn0=", "expire_date": "2019-02-14T16:19:20.769Z"}}, {"model": "sessions.session", "pk": "1iqzrcrcu3gzugy1amczduxpj1879qbi", "fields": {"session_data": "OGUxNjcxZThkZjdkMjhjMDZiMWFmYTUzODVhMTBjMTFiYjk2MTM4YTp7Il9hdXRoX3VzZXJfaWQiOiIxIiwiX2F1dGhfdXNlcl9iYWNrZW5kIjoiZGphbmdvLmNvbnRyaWIuYXV0aC5iYWNrZW5kcy5Nb2RlbEJhY2tlbmQiLCJfYXV0aF91c2VyX2hhc2giOiJhZDlhNTdmZWI2NGUxNzhlYzhhMzYyMGYwODFjZTc5MjRiZjFlZmViIiwiX2xhbmd1YWdlIjoiaXQifQ==", "expire_date": "2019-02-21T15:49:11.254Z"}}, {"model": "sessions.session", "pk": "6awvwirw2ea7cwkux5zq6zboloeaar2v", "fields": {"session_data": "M2E2YTEzMWZlMTJmMjk4ZjJmNGIxZWJhMjRmOWI5NTAxODBlYjY3NDp7Il9hdXRoX3VzZXJfaWQiOiIxIiwiX2F1dGhfdXNlcl9iYWNrZW5kIjoiZGphbmdvLmNvbnRyaWIuYXV0aC5iYWNrZW5kcy5Nb2RlbEJhY2tlbmQiLCJfYXV0aF91c2VyX2hhc2giOiJhZDlhNTdmZWI2NGUxNzhlYzhhMzYyMGYwODFjZTc5MjRiZjFlZmViIn0=", "expire_date": "2019-02-14T19:33:43.151Z"}}, {"model": "sessions.session", "pk": "6lrbfod30u8mtukb46zr6a6yuyyqp2pd", "fields": {"session_data": "OGUxNjcxZThkZjdkMjhjMDZiMWFmYTUzODVhMTBjMTFiYjk2MTM4YTp7Il9hdXRoX3VzZXJfaWQiOiIxIiwiX2F1dGhfdXNlcl9iYWNrZW5kIjoiZGphbmdvLmNvbnRyaWIuYXV0aC5iYWNrZW5kcy5Nb2RlbEJhY2tlbmQiLCJfYXV0aF91c2VyX2hhc2giOiJhZDlhNTdmZWI2NGUxNzhlYzhhMzYyMGYwODFjZTc5MjRiZjFlZmViIiwiX2xhbmd1YWdlIjoiaXQifQ==", "expire_date": "2019-02-13T12:43:22.599Z"}}, {"model": "sessions.session", "pk": "9bshs2v4fyi5ecipyab297u58lyxl3m3", "fields": {"session_data": "OGUxNjcxZThkZjdkMjhjMDZiMWFmYTUzODVhMTBjMTFiYjk2MTM4YTp7Il9hdXRoX3VzZXJfaWQiOiIxIiwiX2F1dGhfdXNlcl9iYWNrZW5kIjoiZGphbmdvLmNvbnRyaWIuYXV0aC5iYWNrZW5kcy5Nb2RlbEJhY2tlbmQiLCJfYXV0aF91c2VyX2hhc2giOiJhZDlhNTdmZWI2NGUxNzhlYzhhMzYyMGYwODFjZTc5MjRiZjFlZmViIiwiX2xhbmd1YWdlIjoiaXQifQ==", "expire_date": "2019-02-19T13:01:29.659Z"}}, {"model": "sessions.session", "pk": "c69y6fzkwi6l5ig2z9ba19nxy11jqa8n", "fields": {"session_data": "ODE3NWJlNTBlOTY4Y2Y1NjgxZWQ5ZGNhZTYyY2Q4MzM1NDUwMDljYTp7Il9sYW5ndWFnZSI6ImZyIn0=", "expire_date": "2019-02-13T22:18:40.062Z"}}, {"model": "sessions.session", "pk": "fzi23he9uchpn7vimgre2w688ggbxk0e", "fields": {"session_data": "OGFhYTM3ZTIyOWMzMzE3ZTUyNzY3ZDQ5YjFjYzA5MWE1MDg3YjhkYTp7Il9sYW5ndWFnZSI6Iml0IiwiX2F1dGhfdXNlcl9pZCI6IjEiLCJfYXV0aF91c2VyX2JhY2tlbmQiOiJkamFuZ28uY29udHJpYi5hdXRoLmJhY2tlbmRzLk1vZGVsQmFja2VuZCIsIl9hdXRoX3VzZXJfaGFzaCI6ImFkOWE1N2ZlYjY0ZTE3OGVjOGEzNjIwZjA4MWNlNzkyNGJmMWVmZWIiLCJ3YWd0YWlsLXByZXZpZXctMTAiOlsiY3NyZm1pZGRsZXdhcmV0b2tlbj1DYU45TXFGTGE5ZnJYWnBmUFhMa3l6c3JOMHBaWDczM01JZEdVQ0ZxaFZweUEzVU9wT09MOW5NdUV4TEVJR001Jm5leHQ9JnRpdGxlPVZlcm5pcytzZW1pK3Blcm1hbmVudCZpbnRybz0lN0IlMEQlMEErKysrJTIyYmxvY2tzJTIyJTNBKyU1QiUwRCUwQSsrKysrKysrJTdCJTBEJTBBKysrKysrKysrKysrJTIya2V5JTIyJTNBKyUyMmdna3N1JTIyJTJDJTBEJTBBKysrKysrKysrKysrJTIydHlwZSUyMiUzQSslMjJ1bnN0eWxlZCUyMiUyQyUwRCUwQSsrKysrKysrKysrKyUyMmRlcHRoJTIyJTNBKzAlMkMlMEQlMEErKysrKysrKysrKyslMjJ0ZXh0JTIyJTNBKyUyMlZlcm5pcytzZW1pK3Blcm1hbmVudCUyMiUyQyUwRCUwQSsrKysrKysrKysrKyUyMmlubGluZVN0eWxlUmFuZ2VzJTIyJTNBKyU1QiU1RCUyQyUwRCUwQSsrKysrKysrKysrKyUyMmVudGl0eVJhbmdlcyUyMiUzQSslNUIlNUQlMEQlMEErKysrKysrKyU3RCUwRCUwQSsrKyslNUQlMkMlMEQlMEErKysrJTIyZW50aXR5TWFwJTIyJTNBKyU3QiU3RCUwRCUwQSU3RCZib2R5PSU3QiUwRCUwQSsrKyslMjJibG9ja3MlMjIlM0ErJTVCJTBEJTBBKysrKysrKyslN0IlMEQlMEErKysrKysrKysrKyslMjJrZXklMjIlM0ErJTIycDl2MmglMjIlMkMlMEQlMEErKysrKysrKysrKyslMjJ0eXBlJTIyJTNBKyUyMnVuc3R5bGVkJTIyJTJDJTBEJTBBKysrKysrKysrKysrJTIyZGVwdGglMjIlM0ErMCUyQyUwRCUwQSsrKysrKysrKysrKyUyMnRleHQlMjIlM0ErJTIyVmVybmlzK3NlbWkrcGVybWFuZW50JTIyJTJDJTBEJTBBKysrKysrKysrKysrJTIyaW5saW5lU3R5bGVSYW5nZXMlMjIlM0ErJTVCJTVEJTJDJTBEJTBBKysrKysrKysrKysrJTIyZW50aXR5UmFuZ2VzJTIyJTNBKyU1QiU1RCUwRCUwQSsrKysrKysrJTdEJTBEJTBBKysrKyU1RCUyQyUwRCUwQSsrKyslMjJlbnRpdHlNYXAlMjIlM0ErJTdCJTdEJTBEJTBBJTdEJnNsdWc9dmVybmlzLXNlbWktcGVybWFuZW50JnNlb190aXRsZT0mc2VhcmNoX2Rlc2NyaXB0aW9uPSZnb19saXZlX2F0PSZleHBpcmVfYXQ9IiwxNTUzMDAzNDk5LjQ4NTE4NjhdfQ==", "expire_date": "2019-04-02T14:13:43.111Z"}}, {"model": "sessions.session", "pk": "ghqu66vkirzne5nqgmzp1fmdxawqxdeh", "fields": {"session_data": "ODE3NWJlNTBlOTY4Y2Y1NjgxZWQ5ZGNhZTYyY2Q4MzM1NDUwMDljYTp7Il9sYW5ndWFnZSI6ImZyIn0=", "expire_date": "2019-02-17T14:15:26.830Z"}}, {"model": "sessions.session", "pk": "q2fovpmmmwhwl31lt7idt9ezlub6mtxw", "fields": {"session_data": "ZDM1MjNhYjI4Y2FkOGVlZDc2NzNmNDAyNzQwNmM3YWFiYjM5NzkyMTp7Il9hdXRoX3VzZXJfaWQiOiIxIiwiX2F1dGhfdXNlcl9iYWNrZW5kIjoiZGphbmdvLmNvbnRyaWIuYXV0aC5iYWNrZW5kcy5Nb2RlbEJhY2tlbmQiLCJfYXV0aF91c2VyX2hhc2giOiJhZDlhNTdmZWI2NGUxNzhlYzhhMzYyMGYwODFjZTc5MjRiZjFlZmViIiwiX2xhbmd1YWdlIjoiZnIiLCJ3YWd0YWlsLXByZXZpZXctMyI6WyJjc3JmbWlkZGxld2FyZXRva2VuPTMxN1VFV3VLdTI2bWVxU3F5aDN0TDJXeEppRldZaGpqb0FCRDBEeVFudmlUcE10NkhWM3J1MFM1S2d0RDNxNk4mbmV4dD0mdGl0bGU9QkxPRytSb215K0JlYXV0eSZpbnRybz0lN0IlMEQlMEErKysrJTIyYmxvY2tzJTIyJTNBKyU1QiUwRCUwQSsrKysrKysrJTdCJTBEJTBBKysrKysrKysrKysrJTIya2V5JTIyJTNBKyUyMmtqYTV1JTIyJTJDJTBEJTBBKysrKysrKysrKysrJTIydHlwZSUyMiUzQSslMjJ1bnN0eWxlZCUyMiUyQyUwRCUwQSsrKysrKysrKysrKyUyMmRlcHRoJTIyJTNBKzAlMkMlMEQlMEErKysrKysrKysrKyslMjJ0ZXh0JTIyJTNBKyUyMkVzdGglNUN1MDBlOXRpY2llbm5lK2RpcGwlNUN1MDBmNG0lNUN1MDBlOWUlMkMramUrdm91cytyZSU1Q3UwMGU3b2lzK3N1cityZW5kZXordm91cyt1bmlxdWVtZW50KyU1Q3UwMGUwK0JlYXVzb2xlaWwuJTIyJTJDJTBEJTBBKysrKysrKysrKysrJTIyaW5saW5lU3R5bGVSYW5nZXMlMjIlM0ErJTVCJTVEJTJDJTBEJTBBKysrKysrKysrKysrJTIyZW50aXR5UmFuZ2VzJTIyJTNBKyU1QiU1RCUwRCUwQSsrKysrKysrJTdEJTBEJTBBKysrKyU1RCUyQyUwRCUwQSsrKyslMjJlbnRpdHlNYXAlMjIlM0ErJTdCJTdEJTBEJTBBJTdEJmJvZHk9JTdCJTBEJTBBKysrKyUyMmJsb2NrcyUyMiUzQSslNUIlMEQlMEErKysrKysrKyU3QiUwRCUwQSsrKysrKysrKysrKyUyMmtleSUyMiUzQSslMjJzenN1biUyMiUyQyUwRCUwQSsrKysrKysrKysrKyUyMnR5cGUlMjIlM0ErJTIydW5zdHlsZWQlMjIlMkMlMEQlMEErKysrKysrKysrKyslMjJkZXB0aCUyMiUzQSswJTJDJTBEJTBBKysrKysrKysrKysrJTIydGV4dCUyMiUzQSslMjIlMjIlMkMlMEQlMEErKysrKysrKysrKyslMjJpbmxpbmVTdHlsZVJhbmdlcyUyMiUzQSslNUIlNUQlMkMlMEQlMEErKysrKysrKysrKyslMjJlbnRpdHlSYW5nZXMlMjIlM0ErJTVCJTVEJTBEJTBBKysrKysrKyslN0QlMEQlMEErKysrJTVEJTJDJTBEJTBBKysrKyUyMmVudGl0eU1hcCUyMiUzQSslN0IlN0QlMEQlMEElN0Qmc2x1Zz1ibG9nJnNlb190aXRsZT0mc2VhcmNoX2Rlc2NyaXB0aW9uPSZnb19saXZlX2F0PSZleHBpcmVfYXQ9IiwxNTUwNzYzNjAwLjk4NzY0NTRdfQ==", "expire_date": "2019-03-07T15:40:01.012Z"}}, {"model": "sessions.session", "pk": "tib6a06df2o2sizds8kf7gp5r5pasyle", "fields": {"session_data": "M2E2YTEzMWZlMTJmMjk4ZjJmNGIxZWJhMjRmOWI5NTAxODBlYjY3NDp7Il9hdXRoX3VzZXJfaWQiOiIxIiwiX2F1dGhfdXNlcl9iYWNrZW5kIjoiZGphbmdvLmNvbnRyaWIuYXV0aC5iYWNrZW5kcy5Nb2RlbEJhY2tlbmQiLCJfYXV0aF91c2VyX2hhc2giOiJhZDlhNTdmZWI2NGUxNzhlYzhhMzYyMGYwODFjZTc5MjRiZjFlZmViIn0=", "expire_date": "2019-03-22T16:12:53.607Z"}}, {"model": "soins.family_care", "pk": 1, "fields": {"name": "Soin des mains", "name_it": "Manicure", "description": "Soins des ongles et des mains", "display_order": 100}}, {"model": "soins.family_care", "pk": 2, "fields": {"name": "Soin des Pieds", "name_it": "Pedicure", "description": "N' attendez plus l' \u00e9t\u00e9 pour soigner vos pieds, de jolis pieds s' entretiennent toute l' ann\u00e9e ! Nos pieds nous portent tous les jours de l' ann\u00e9e, il est donc important d' en prendre soin, les chouchouter mais aussi les soigner !\r\n\r\nJe vous propose une beaut\u00e9 des pieds compl\u00e8te avec sels de bains, gommage, cr\u00e8me, modelage, entretien des ongles, corne, cor et peaux mortes.", "display_order": 200}}, {"model": "soins.family_care", "pk": 3, "fields": {"name": "Epilations", "name_it": "Depilazione", "description": "", "display_order": 300}}, {"model": "soins.family_care", "pk": 4, "fields": {"name": "Soin du visage", "name_it": "Trattamento viso", "description": "Soin complet avec des produits de qualit\u00e9 et des appareils sp\u00e9cifiques adapt\u00e9s \u00e0 chaque type de peau. \r\n\r\nOFFERT : entretien des sourcils \r\n\r\nPlus d' une heure de d\u00e9tente avec bougies parfum\u00e9es, musique de relaxation pour vous permettre de l\u00e2cher prise et de profiter d' un moment de bien \u00eatre.", "display_order": 400}}, {"model": "soins.family_care", "pk": 6, "fields": {"name": "Soin du corps", "name_it": "Trattamento corpo", "description": "", "display_order": 0}}, {"model": "soins.care", "pk": 1, "fields": {"name": "Manucure - pose de vernis", "name_it": "Manicure - smalto normale", "family": 1, "price": "10", "price_it": "10", "display_order": 100}}, {"model": "soins.care", "pk": 2, "fields": {"name": "Manucure - pose de vernis semi-permament", "name_it": "Manicure - smalto semi-permanente", "family": 1, "price": "15", "price_it": "15", "display_order": 200}}, {"model": "soins.care", "pk": 3, "fields": {"name": "Soin des mains (manucure - pose de vernis)", "name_it": "Cura delle mani (Manicure - smalto normale)", "family": 1, "price": "20", "price_it": "20", "display_order": 300}}, {"model": "soins.care", "pk": 4, "fields": {"name": "Soins des mains (manucure - pose de vernis semi-permanent)", "name_it": "Cura delle mani (Manicure - smalto semi-permanente)", "family": 1, "price": "25", "price_it": "25", "display_order": 400}}, {"model": "soins.care", "pk": 5, "fields": {"name": "Pose compl\u00e8te de gel (avec capsules)", "name_it": "Ricostruzione gel", "family": 1, "price": "40", "price_it": "40", "display_order": 500}}, {"model": "soins.care", "pk": 6, "fields": {"name": "Pose gel sur ongles naturels", "name_it": "Ricostruzione gel", "family": 1, "price": "30", "price_it": "30", "display_order": 600}}, {"model": "soins.care", "pk": 7, "fields": {"name": "Remplissage gel", "name_it": "Copertura gel", "family": 1, "price": "30", "price_it": "30", "display_order": 700}}, {"model": "soins.care", "pk": 8, "fields": {"name": "Manucure homme", "name_it": "Manicure uomo", "family": 1, "price": "8", "price_it": "8", "display_order": 800}}, {"model": "soins.care", "pk": 9, "fields": {"name": "Beaut\u00e9 des pieds - pose de vernis", "name_it": "Pedicure", "family": 2, "price": "18", "price_it": "15", "display_order": 900}}, {"model": "soins.care", "pk": 10, "fields": {"name": "Beaut\u00e9 des pieds - pose de vernis semi-permanent", "name_it": "Pedicure smalto normale", "family": 2, "price": "23", "price_it": "20", "display_order": 1000}}, {"model": "soins.care", "pk": 11, "fields": {"name": "Beaut\u00e9 des pieds - pose de gel", "name_it": "Pedicure - copertura gel", "family": 2, "price": "35", "price_it": "35", "display_order": 1100}}, {"model": "soins.care", "pk": 12, "fields": {"name": "Beaut\u00e9 des pieds - homme", "name_it": "Pedicure uomo", "family": 2, "price": "15", "price_it": "15", "display_order": 1200}}, {"model": "soins.care", "pk": 13, "fields": {"name": "Sourcils - entretien", "name_it": "Sopracciglia - manutenzione", "family": 3, "price": "4", "price_it": "4", "display_order": 1300}}, {"model": "soins.care", "pk": 14, "fields": {"name": "Sourcils - cr\u00e9ation", "name_it": "Sopracciglia - disegno", "family": 3, "price": "7", "price_it": "7", "display_order": 1400}}, {"model": "soins.care", "pk": 15, "fields": {"name": "L\u00e8vres", "name_it": "Bafetti", "family": 3, "price": "4", "price_it": "4", "display_order": 1500}}, {"model": "soins.care", "pk": 16, "fields": {"name": "Aisselles", "name_it": "Ascelle", "family": 3, "price": "6", "price_it": "0", "display_order": 1600}}, {"model": "soins.care", "pk": 17, "fields": {"name": "Maillot classique", "name_it": "Inguine  clasico", "family": 3, "price": "10", "price_it": "10", "display_order": 1700}}, {"model": "soins.care", "pk": 18, "fields": {"name": "Maillot Br\u00e9silien", "name_it": "Inguine disegno", "family": 3, "price": "12", "price_it": "12", "display_order": 1800}}, {"model": "soins.care", "pk": 19, "fields": {"name": "Maillot int\u00e9gral", "name_it": "Inguine integral", "family": 3, "price": "15", "price_it": "15", "display_order": 1900}}, {"model": "soins.care", "pk": 20, "fields": {"name": "Demi-jambes", "name_it": "Gamba 1/2", "family": 3, "price": "10", "price_it": "10", "display_order": 2000}}, {"model": "soins.care", "pk": 21, "fields": {"name": "Jambes enti\u00e8res", "name_it": "Gamba inera + inguine", "family": 3, "price": "15", "price_it": "15", "display_order": 2100}}, {"model": "soins.care", "pk": 22, "fields": {"name": "Soins nettoyants de 45 minutes - Purifiant", "name_it": "Pulizia viso - purificazione", "family": 4, "price": "22", "price_it": "20", "display_order": 2200}}, {"model": "soins.care", "pk": 23, "fields": {"name": "Soins nettoyants de 45 minutes - Hydratant", "name_it": "Pulizia viso - Idratante", "family": 4, "price": "22", "price_it": "20", "display_order": 2300}}, {"model": "soins.care", "pk": 24, "fields": {"name": "Soins nettoyants de 45 minutes - Tonifiant", "name_it": "Pulizia viso - Tonificante", "family": 4, "price": "22", "price_it": "20", "display_order": 2400}}, {"model": "soins.care", "pk": 25, "fields": {"name": "Soins nettoyants de 45 minutes - Douceur", "name_it": "Pulizia viso -  Morbidezza", "family": 4, "price": "22", "price_it": "20", "display_order": 2500}}, {"model": "soins.care", "pk": 26, "fields": {"name": "Soins r\u00e9\u00e9quilibrants intensifs de 60 minutes - Puret\u00e9", "name_it": "Trattamento viso intensivo - Purezza", "family": 4, "price": "30", "price_it": "30", "display_order": 2600}}, {"model": "soins.care", "pk": 27, "fields": {"name": "Soins r\u00e9\u00e9quilibrants intensifs de 60 minutes - Hydratant", "name_it": "Trattamento viso intensivo - Idratante", "family": 4, "price": "30", "price_it": "30", "display_order": 2700}}, {"model": "soins.care", "pk": 28, "fields": {"name": "Soins r\u00e9\u00e9quilibrants intensifs de 60 minutes - Douceur", "name_it": "Trattamento viso intensivo - Morbidezza", "family": 4, "price": "30", "price_it": "30", "display_order": 2800}}, {"model": "blog.blogpagegalleryimage", "pk": 4, "fields": {"sort_order": 0, "page": 5, "image": 4, "caption": ""}}, {"model": "blog.blogpagegalleryimage", "pk": 9, "fields": {"sort_order": 0, "page": 4, "image": 9, "caption": ""}}, {"model": "blog.blogpagegalleryimage", "pk": 11, "fields": {"sort_order": 0, "page": 6, "image": 5, "caption": ""}}, {"model": "blog.blogpagegalleryimage", "pk": 12, "fields": {"sort_order": 2, "page": 6, "image": 12, "caption": ""}}, {"model": "blog.blogpagegalleryimage", "pk": 13, "fields": {"sort_order": 1, "page": 6, "image": 13, "caption": ""}}, {"model": "blog.blogpagegalleryimage", "pk": 14, "fields": {"sort_order": 1, "page": 4, "image": 2, "caption": ""}}, {"model": "wagtailimages.rendition", "pk": 1, "fields": {"filter_spec": "max-165x165", "file": "images/soins-visage_flRTHN8.max-165x165.jpg", "width": 165, "height": 165, "focal_point_key": "", "image": 1}}, {"model": "wagtailimages.rendition", "pk": 2, "fields": {"filter_spec": "fill-300x200", "file": "images/soins-visage_flRTHN8.2e16d0ba.fill-300x200.jpg", "width": 205, "height": 137, "focal_point_key": "2e16d0ba", "image": 1}}, {"model": "wagtailimages.rendition", "pk": 3, "fields": {"filter_spec": "fill-640x480", "file": "images/soins-visage_flRTHN8.2e16d0ba.fill-640x480.jpg", "width": 205, "height": 155, "focal_point_key": "2e16d0ba", "image": 1}}, {"model": "wagtailimages.rendition", "pk": 4, "fields": {"filter_spec": "max-165x165", "file": "images/maquillage_EHhxcet.max-165x165.jpg", "width": 165, "height": 165, "focal_point_key": "", "image": 2}}, {"model": "wagtailimages.rendition", "pk": 5, "fields": {"filter_spec": "fill-640x480", "file": "images/maquillage_EHhxcet.2e16d0ba.fill-640x480.jpg", "width": 205, "height": 155, "focal_point_key": "2e16d0ba", "image": 2}}, {"model": "wagtailimages.rendition", "pk": 6, "fields": {"filter_spec": "max-165x165", "file": "images/the-hand-3161974_640.max-165x165.jpg", "width": 165, "height": 109, "focal_point_key": "", "image": 3}}, {"model": "wagtailimages.rendition", "pk": 7, "fields": {"filter_spec": "max-165x165", "file": "images/feet-423092_640_TTH6zFs.max-165x165.jpg", "width": 165, "height": 123, "focal_point_key": "", "image": 4}}, {"model": "wagtailimages.rendition", "pk": 8, "fields": {"filter_spec": "max-165x165", "file": "images/epilation_ZBXx9Q7.max-165x165.jpg", "width": 165, "height": 165, "focal_point_key": "", "image": 5}}, {"model": "wagtailimages.rendition", "pk": 9, "fields": {"filter_spec": "max-165x165", "file": "images/eye-3150089_640_TLARh5J.max-165x165.jpg", "width": 165, "height": 134, "focal_point_key": "", "image": 6}}, {"model": "wagtailimages.rendition", "pk": 10, "fields": {"filter_spec": "fill-300x200", "file": "images/epilation_ZBXx9Q7.2e16d0ba.fill-300x200.jpg", "width": 205, "height": 137, "focal_point_key": "2e16d0ba", "image": 5}}, {"model": "wagtailimages.rendition", "pk": 11, "fields": {"filter_spec": "fill-300x200", "file": "images/the-hand-3161974_640.2e16d0ba.fill-300x200.jpg", "width": 300, "height": 200, "focal_point_key": "2e16d0ba", "image": 3}}, {"model": "wagtailimages.rendition", "pk": 12, "fields": {"filter_spec": "fill-640x480", "file": "images/epilation_ZBXx9Q7.2e16d0ba.fill-640x480.jpg", "width": 205, "height": 155, "focal_point_key": "2e16d0ba", "image": 5}}, {"model": "wagtailimages.rendition", "pk": 13, "fields": {"filter_spec": "fill-640x480", "file": "images/eye-3150089_640_TLARh5J.2e16d0ba.fill-640x480.jpg", "width": 590, "height": 444, "focal_point_key": "2e16d0ba", "image": 6}}, {"model": "wagtailimages.rendition", "pk": 14, "fields": {"filter_spec": "fill-640x480", "file": "images/the-hand-3161974_640.2e16d0ba.fill-640x480.jpg", "width": 640, "height": 480, "focal_point_key": "2e16d0ba", "image": 3}}, {"model": "wagtailimages.rendition", "pk": 15, "fields": {"filter_spec": "fill-640x480", "file": "images/feet-423092_640_TTH6zFs.2e16d0ba.fill-640x480.jpg", "width": 640, "height": 480, "focal_point_key": "2e16d0ba", "image": 4}}, {"model": "wagtailimages.rendition", "pk": 16, "fields": {"filter_spec": "fill-300x200", "file": "images/eye-3150089_640_TLARh5J.2e16d0ba.fill-300x200.jpg", "width": 300, "height": 200, "focal_point_key": "2e16d0ba", "image": 6}}, {"model": "wagtailimages.rendition", "pk": 17, "fields": {"filter_spec": "max-165x165", "file": "images/face-mask-2578428_640.max-165x165.jpg", "width": 165, "height": 109, "focal_point_key": "", "image": 7}}, {"model": "wagtailimages.rendition", "pk": 18, "fields": {"filter_spec": "fill-640x480", "file": "images/face-mask-2578428_640.2e16d0ba.fill-640x480.jpg", "width": 640, "height": 480, "focal_point_key": "2e16d0ba", "image": 7}}, {"model": "wagtailimages.rendition", "pk": 19, "fields": {"filter_spec": "fill-300x200", "file": "images/face-mask-2578428_640.2e16d0ba.fill-300x200.jpg", "width": 300, "height": 200, "focal_point_key": "2e16d0ba", "image": 7}}, {"model": "wagtailimages.rendition", "pk": 20, "fields": {"filter_spec": "max-165x165", "file": "images/japanese-cherry-trees-324175_1920.max-165x165.jpg", "width": 165, "height": 110, "focal_point_key": "", "image": 8}}, {"model": "wagtailimages.rendition", "pk": 21, "fields": {"filter_spec": "fill-640x480", "file": "images/japanese-cherry-trees-324175_1920.2e16d0ba.fill-640x480.jpg", "width": 640, "height": 480, "focal_point_key": "2e16d0ba", "image": 8}}, {"model": "wagtailimages.rendition", "pk": 22, "fields": {"filter_spec": "max-165x165", "file": "images/close-up-femme-masque-facial_1122-1350.max-165x165.jpg", "width": 165, "height": 110, "focal_point_key": "", "image": 9}}, {"model": "wagtailimages.rendition", "pk": 23, "fields": {"filter_spec": "fill-300x200", "file": "images/close-up-femme-masque-facial_1122-.2e16d0ba.fill-300x200.jpg", "width": 300, "height": 200, "focal_point_key": "2e16d0ba", "image": 9}}, {"model": "wagtailimages.rendition", "pk": 24, "fields": {"filter_spec": "fill-640x480", "file": "images/close-up-femme-masque-facial_1122-.2e16d0ba.fill-640x480.jpg", "width": 557, "height": 417, "focal_point_key": "2e16d0ba", "image": 9}}, {"model": "wagtailimages.rendition", "pk": 25, "fields": {"filter_spec": "fill-300x200", "file": "images/feet-423092_640_TTH6zFs.2e16d0ba.fill-300x200.jpg", "width": 300, "height": 200, "focal_point_key": "2e16d0ba", "image": 4}}, {"model": "wagtailimages.rendition", "pk": 26, "fields": {"filter_spec": "original", "file": "images/close-up-femme-masque-facial_1122-1350.original.jpg", "width": 625, "height": 417, "focal_point_key": "", "image": 9}}, {"model": "wagtailimages.rendition", "pk": 27, "fields": {"filter_spec": "max-800x600", "file": "images/close-up-femme-masque-facial_1122-1350.max-800x600.jpg", "width": 625, "height": 417, "focal_point_key": "", "image": 9}}, {"model": "wagtailimages.rendition", "pk": 28, "fields": {"filter_spec": "max-165x165", "file": "images/17353270_10211786973530340_12739699517349300.max-165x165.jpg", "width": 165, "height": 165, "focal_point_key": "", "image": 10}}, {"model": "wagtailimages.rendition", "pk": 33, "fields": {"filter_spec": "max-165x165", "file": "images/images.max-165x165.jpg", "width": 165, "height": 109, "focal_point_key": "", "image": 12}}, {"model": "wagtailimages.rendition", "pk": 34, "fields": {"filter_spec": "max-165x165", "file": "images/images_1.max-165x165.jpg", "width": 165, "height": 137, "focal_point_key": "", "image": 13}}, {"model": "wagtailimages.rendition", "pk": 35, "fields": {"filter_spec": "fill-640x480", "file": "images/images.2e16d0ba.fill-640x480.jpg", "width": 245, "height": 183, "focal_point_key": "2e16d0ba", "image": 12}}, {"model": "wagtailimages.rendition", "pk": 36, "fields": {"filter_spec": "fill-640x480", "file": "images/images_1.2e16d0ba.fill-640x480.jpg", "width": 246, "height": 185, "focal_point_key": "2e16d0ba", "image": 13}}, {"model": "wagtailimages.rendition", "pk": 37, "fields": {"filter_spec": "fill-300x200", "file": "images/images_1.2e16d0ba.fill-300x200.jpg", "width": 246, "height": 165, "focal_point_key": "2e16d0ba", "image": 13}}, {"model": "wagtailimages.rendition", "pk": 38, "fields": {"filter_spec": "fill-300x200", "file": "images/maquillage_EHhxcet.2e16d0ba.fill-300x200.jpg", "width": 205, "height": 137, "focal_point_key": "2e16d0ba", "image": 2}}, {"model": "wagtailsearch.query", "pk": 1, "fields": {"query_string": "epilat"}}, {"model": "wagtailsearch.query", "pk": 2, "fields": {"query_string": "soi"}}, {"model": "wagtailsearch.query", "pk": 3, "fields": {"query_string": "visage"}}, {"model": "wagtailsearch.querydailyhits", "pk": 1, "fields": {"query": 1, "date": "2019-02-07", "hits": 2}}, {"model": "wagtailsearch.querydailyhits", "pk": 2, "fields": {"query": 2, "date": "2019-02-07", "hits": 1}}, {"model": "wagtailsearch.querydailyhits", "pk": 3, "fields": {"query": 3, "date": "2019-02-07", "hits": 1}}, {"model": "wagtailcore.site", "pk": 1, "fields": {"hostname": "localhost", "port": 80, "site_name": null, "root_page": 2, "is_default_site": true}}, {"model": "wagtailcore.collection", "pk": 1, "fields": {"path": "0001", "depth": 1, "numchild": 0, "name": "Root"}}, {"model": "auth.permission", "pk": 1, "fields": {"name": "Can add image", "content_type": 2, "codename": "add_image"}}, {"model": "auth.permission", "pk": 2, "fields": {"name": "Can change image", "content_type": 2, "codename": "change_image"}}, {"model": "auth.permission", "pk": 3, "fields": {"name": "Can delete image", "content_type": 2, "codename": "delete_image"}}, {"model": "auth.permission", "pk": 4, "fields": {"name": "Can access Wagtail admin", "content_type": 3, "codename": "access_admin"}}, {"model": "auth.permission", "pk": 5, "fields": {"name": "Can add document", "content_type": 4, "codename": "add_document"}}, {"model": "auth.permission", "pk": 6, "fields": {"name": "Can change document", "content_type": 4, "codename": "change_document"}}, {"model": "auth.permission", "pk": 7, "fields": {"name": "Can delete document", "content_type": 4, "codename": "delete_document"}}, {"model": "auth.permission", "pk": 8, "fields": {"name": "Can add bookmark", "content_type": 5, "codename": "add_bookmark"}}, {"model": "auth.permission", "pk": 9, "fields": {"name": "Can change bookmark", "content_type": 5, "codename": "change_bookmark"}}, {"model": "auth.permission", "pk": 10, "fields": {"name": "Can delete bookmark", "content_type": 5, "codename": "delete_bookmark"}}, {"model": "auth.permission", "pk": 11, "fields": {"name": "Can view bookmark", "content_type": 5, "codename": "view_bookmark"}}, {"model": "auth.permission", "pk": 12, "fields": {"name": "Can add pinned application", "content_type": 6, "codename": "add_pinnedapplication"}}, {"model": "auth.permission", "pk": 13, "fields": {"name": "Can change pinned application", "content_type": 6, "codename": "change_pinnedapplication"}}, {"model": "auth.permission", "pk": 14, "fields": {"name": "Can delete pinned application", "content_type": 6, "codename": "delete_pinnedapplication"}}, {"model": "auth.permission", "pk": 15, "fields": {"name": "Can view pinned application", "content_type": 6, "codename": "view_pinnedapplication"}}, {"model": "auth.permission", "pk": 16, "fields": {"name": "Can add log entry", "content_type": 7, "codename": "add_logentry"}}, {"model": "auth.permission", "pk": 17, "fields": {"name": "Can change log entry", "content_type": 7, "codename": "change_logentry"}}, {"model": "auth.permission", "pk": 18, "fields": {"name": "Can delete log entry", "content_type": 7, "codename": "delete_logentry"}}, {"model": "auth.permission", "pk": 19, "fields": {"name": "Can view log entry", "content_type": 7, "codename": "view_logentry"}}, {"model": "auth.permission", "pk": 20, "fields": {"name": "Can add permission", "content_type": 8, "codename": "add_permission"}}, {"model": "auth.permission", "pk": 21, "fields": {"name": "Can change permission", "content_type": 8, "codename": "change_permission"}}, {"model": "auth.permission", "pk": 22, "fields": {"name": "Can delete permission", "content_type": 8, "codename": "delete_permission"}}, {"model": "auth.permission", "pk": 23, "fields": {"name": "Can view permission", "content_type": 8, "codename": "view_permission"}}, {"model": "auth.permission", "pk": 24, "fields": {"name": "Can add group", "content_type": 9, "codename": "add_group"}}, {"model": "auth.permission", "pk": 25, "fields": {"name": "Can change group", "content_type": 9, "codename": "change_group"}}, {"model": "auth.permission", "pk": 26, "fields": {"name": "Can delete group", "content_type": 9, "codename": "delete_group"}}, {"model": "auth.permission", "pk": 27, "fields": {"name": "Can view group", "content_type": 9, "codename": "view_group"}}, {"model": "auth.permission", "pk": 28, "fields": {"name": "Can add user", "content_type": 10, "codename": "add_user"}}, {"model": "auth.permission", "pk": 29, "fields": {"name": "Can change user", "content_type": 10, "codename": "change_user"}}, {"model": "auth.permission", "pk": 30, "fields": {"name": "Can delete user", "content_type": 10, "codename": "delete_user"}}, {"model": "auth.permission", "pk": 31, "fields": {"name": "Can view user", "content_type": 10, "codename": "view_user"}}, {"model": "auth.permission", "pk": 32, "fields": {"name": "Can add content type", "content_type": 11, "codename": "add_contenttype"}}, {"model": "auth.permission", "pk": 33, "fields": {"name": "Can change content type", "content_type": 11, "codename": "change_contenttype"}}, {"model": "auth.permission", "pk": 34, "fields": {"name": "Can delete content type", "content_type": 11, "codename": "delete_contenttype"}}, {"model": "auth.permission", "pk": 35, "fields": {"name": "Can view content type", "content_type": 11, "codename": "view_contenttype"}}, {"model": "auth.permission", "pk": 36, "fields": {"name": "Can add session", "content_type": 12, "codename": "add_session"}}, {"model": "auth.permission", "pk": 37, "fields": {"name": "Can change session", "content_type": 12, "codename": "change_session"}}, {"model": "auth.permission", "pk": 38, "fields": {"name": "Can delete session", "content_type": 12, "codename": "delete_session"}}, {"model": "auth.permission", "pk": 39, "fields": {"name": "Can view session", "content_type": 12, "codename": "view_session"}}, {"model": "auth.permission", "pk": 40, "fields": {"name": "Can add Soin", "content_type": 13, "codename": "add_care"}}, {"model": "auth.permission", "pk": 41, "fields": {"name": "Can change Soin", "content_type": 13, "codename": "change_care"}}, {"model": "auth.permission", "pk": 42, "fields": {"name": "Can delete Soin", "content_type": 13, "codename": "delete_care"}}, {"model": "auth.permission", "pk": 43, "fields": {"name": "Can view Soin", "content_type": 13, "codename": "view_care"}}, {"model": "auth.permission", "pk": 44, "fields": {"name": "Can add Famille de soin", "content_type": 14, "codename": "add_family_care"}}, {"model": "auth.permission", "pk": 45, "fields": {"name": "Can change Famille de soin", "content_type": 14, "codename": "change_family_care"}}, {"model": "auth.permission", "pk": 46, "fields": {"name": "Can delete Famille de soin", "content_type": 14, "codename": "delete_family_care"}}, {"model": "auth.permission", "pk": 47, "fields": {"name": "Can view Famille de soin", "content_type": 14, "codename": "view_family_care"}}, {"model": "auth.permission", "pk": 48, "fields": {"name": "Can add blog index page", "content_type": 15, "codename": "add_blogindexpage"}}, {"model": "auth.permission", "pk": 49, "fields": {"name": "Can change blog index page", "content_type": 15, "codename": "change_blogindexpage"}}, {"model": "auth.permission", "pk": 50, "fields": {"name": "Can delete blog index page", "content_type": 15, "codename": "delete_blogindexpage"}}, {"model": "auth.permission", "pk": 51, "fields": {"name": "Can view blog index page", "content_type": 15, "codename": "view_blogindexpage"}}, {"model": "auth.permission", "pk": 52, "fields": {"name": "Can add blog page", "content_type": 16, "codename": "add_blogpage"}}, {"model": "auth.permission", "pk": 53, "fields": {"name": "Can change blog page", "content_type": 16, "codename": "change_blogpage"}}, {"model": "auth.permission", "pk": 54, "fields": {"name": "Can delete blog page", "content_type": 16, "codename": "delete_blogpage"}}, {"model": "auth.permission", "pk": 55, "fields": {"name": "Can view blog page", "content_type": 16, "codename": "view_blogpage"}}, {"model": "auth.permission", "pk": 56, "fields": {"name": "Can add blog page gallery image", "content_type": 17, "codename": "add_blogpagegalleryimage"}}, {"model": "auth.permission", "pk": 57, "fields": {"name": "Can change blog page gallery image", "content_type": 17, "codename": "change_blogpagegalleryimage"}}, {"model": "auth.permission", "pk": 58, "fields": {"name": "Can delete blog page gallery image", "content_type": 17, "codename": "delete_blogpagegalleryimage"}}, {"model": "auth.permission", "pk": 59, "fields": {"name": "Can view blog page gallery image", "content_type": 17, "codename": "view_blogpagegalleryimage"}}, {"model": "auth.permission", "pk": 60, "fields": {"name": "Can add form submission", "content_type": 18, "codename": "add_formsubmission"}}, {"model": "auth.permission", "pk": 61, "fields": {"name": "Can change form submission", "content_type": 18, "codename": "change_formsubmission"}}, {"model": "auth.permission", "pk": 62, "fields": {"name": "Can delete form submission", "content_type": 18, "codename": "delete_formsubmission"}}, {"model": "auth.permission", "pk": 63, "fields": {"name": "Can view form submission", "content_type": 18, "codename": "view_formsubmission"}}, {"model": "auth.permission", "pk": 64, "fields": {"name": "Can add redirect", "content_type": 19, "codename": "add_redirect"}}, {"model": "auth.permission", "pk": 65, "fields": {"name": "Can change redirect", "content_type": 19, "codename": "change_redirect"}}, {"model": "auth.permission", "pk": 66, "fields": {"name": "Can delete redirect", "content_type": 19, "codename": "delete_redirect"}}, {"model": "auth.permission", "pk": 67, "fields": {"name": "Can view redirect", "content_type": 19, "codename": "view_redirect"}}, {"model": "auth.permission", "pk": 68, "fields": {"name": "Can add embed", "content_type": 20, "codename": "add_embed"}}, {"model": "auth.permission", "pk": 69, "fields": {"name": "Can change embed", "content_type": 20, "codename": "change_embed"}}, {"model": "auth.permission", "pk": 70, "fields": {"name": "Can delete embed", "content_type": 20, "codename": "delete_embed"}}, {"model": "auth.permission", "pk": 71, "fields": {"name": "Can view embed", "content_type": 20, "codename": "view_embed"}}, {"model": "auth.permission", "pk": 72, "fields": {"name": "Can add user profile", "content_type": 21, "codename": "add_userprofile"}}, {"model": "auth.permission", "pk": 73, "fields": {"name": "Can change user profile", "content_type": 21, "codename": "change_userprofile"}}, {"model": "auth.permission", "pk": 74, "fields": {"name": "Can delete user profile", "content_type": 21, "codename": "delete_userprofile"}}, {"model": "auth.permission", "pk": 75, "fields": {"name": "Can view user profile", "content_type": 21, "codename": "view_userprofile"}}, {"model": "auth.permission", "pk": 76, "fields": {"name": "Can view document", "content_type": 4, "codename": "view_document"}}, {"model": "auth.permission", "pk": 77, "fields": {"name": "Can view image", "content_type": 2, "codename": "view_image"}}, {"model": "auth.permission", "pk": 78, "fields": {"name": "Can add rendition", "content_type": 22, "codename": "add_rendition"}}, {"model": "auth.permission", "pk": 79, "fields": {"name": "Can change rendition", "content_type": 22, "codename": "change_rendition"}}, {"model": "auth.permission", "pk": 80, "fields": {"name": "Can delete rendition", "content_type": 22, "codename": "delete_rendition"}}, {"model": "auth.permission", "pk": 81, "fields": {"name": "Can view rendition", "content_type": 22, "codename": "view_rendition"}}, {"model": "auth.permission", "pk": 82, "fields": {"name": "Can add query", "content_type": 23, "codename": "add_query"}}, {"model": "auth.permission", "pk": 83, "fields": {"name": "Can change query", "content_type": 23, "codename": "change_query"}}, {"model": "auth.permission", "pk": 84, "fields": {"name": "Can delete query", "content_type": 23, "codename": "delete_query"}}, {"model": "auth.permission", "pk": 85, "fields": {"name": "Can view query", "content_type": 23, "codename": "view_query"}}, {"model": "auth.permission", "pk": 86, "fields": {"name": "Can add Query Daily Hits", "content_type": 24, "codename": "add_querydailyhits"}}, {"model": "auth.permission", "pk": 87, "fields": {"name": "Can change Query Daily Hits", "content_type": 24, "codename": "change_querydailyhits"}}, {"model": "auth.permission", "pk": 88, "fields": {"name": "Can delete Query Daily Hits", "content_type": 24, "codename": "delete_querydailyhits"}}, {"model": "auth.permission", "pk": 89, "fields": {"name": "Can view Query Daily Hits", "content_type": 24, "codename": "view_querydailyhits"}}, {"model": "auth.permission", "pk": 90, "fields": {"name": "Can add page", "content_type": 1, "codename": "add_page"}}, {"model": "auth.permission", "pk": 91, "fields": {"name": "Can change page", "content_type": 1, "codename": "change_page"}}, {"model": "auth.permission", "pk": 92, "fields": {"name": "Can delete page", "content_type": 1, "codename": "delete_page"}}, {"model": "auth.permission", "pk": 93, "fields": {"name": "Can view page", "content_type": 1, "codename": "view_page"}}, {"model": "auth.permission", "pk": 94, "fields": {"name": "Can add group page permission", "content_type": 25, "codename": "add_grouppagepermission"}}, {"model": "auth.permission", "pk": 95, "fields": {"name": "Can change group page permission", "content_type": 25, "codename": "change_grouppagepermission"}}, {"model": "auth.permission", "pk": 96, "fields": {"name": "Can delete group page permission", "content_type": 25, "codename": "delete_grouppagepermission"}}, {"model": "auth.permission", "pk": 97, "fields": {"name": "Can view group page permission", "content_type": 25, "codename": "view_grouppagepermission"}}, {"model": "auth.permission", "pk": 98, "fields": {"name": "Can add page revision", "content_type": 26, "codename": "add_pagerevision"}}, {"model": "auth.permission", "pk": 99, "fields": {"name": "Can change page revision", "content_type": 26, "codename": "change_pagerevision"}}, {"model": "auth.permission", "pk": 100, "fields": {"name": "Can delete page revision", "content_type": 26, "codename": "delete_pagerevision"}}, {"model": "auth.permission", "pk": 101, "fields": {"name": "Can view page revision", "content_type": 26, "codename": "view_pagerevision"}}, {"model": "auth.permission", "pk": 102, "fields": {"name": "Can add page view restriction", "content_type": 27, "codename": "add_pageviewrestriction"}}, {"model": "auth.permission", "pk": 103, "fields": {"name": "Can change page view restriction", "content_type": 27, "codename": "change_pageviewrestriction"}}, {"model": "auth.permission", "pk": 104, "fields": {"name": "Can delete page view restriction", "content_type": 27, "codename": "delete_pageviewrestriction"}}, {"model": "auth.permission", "pk": 105, "fields": {"name": "Can view page view restriction", "content_type": 27, "codename": "view_pageviewrestriction"}}, {"model": "auth.permission", "pk": 106, "fields": {"name": "Can add site", "content_type": 28, "codename": "add_site"}}, {"model": "auth.permission", "pk": 107, "fields": {"name": "Can change site", "content_type": 28, "codename": "change_site"}}, {"model": "auth.permission", "pk": 108, "fields": {"name": "Can delete site", "content_type": 28, "codename": "delete_site"}}, {"model": "auth.permission", "pk": 109, "fields": {"name": "Can view site", "content_type": 28, "codename": "view_site"}}, {"model": "auth.permission", "pk": 110, "fields": {"name": "Can add collection", "content_type": 29, "codename": "add_collection"}}, {"model": "auth.permission", "pk": 111, "fields": {"name": "Can change collection", "content_type": 29, "codename": "change_collection"}}, {"model": "auth.permission", "pk": 112, "fields": {"name": "Can delete collection", "content_type": 29, "codename": "delete_collection"}}, {"model": "auth.permission", "pk": 113, "fields": {"name": "Can view collection", "content_type": 29, "codename": "view_collection"}}, {"model": "auth.permission", "pk": 114, "fields": {"name": "Can add group collection permission", "content_type": 30, "codename": "add_groupcollectionpermission"}}, {"model": "auth.permission", "pk": 115, "fields": {"name": "Can change group collection permission", "content_type": 30, "codename": "change_groupcollectionpermission"}}, {"model": "auth.permission", "pk": 116, "fields": {"name": "Can delete group collection permission", "content_type": 30, "codename": "delete_groupcollectionpermission"}}, {"model": "auth.permission", "pk": 117, "fields": {"name": "Can view group collection permission", "content_type": 30, "codename": "view_groupcollectionpermission"}}, {"model": "auth.permission", "pk": 118, "fields": {"name": "Can add collection view restriction", "content_type": 31, "codename": "add_collectionviewrestriction"}}, {"model": "auth.permission", "pk": 119, "fields": {"name": "Can change collection view restriction", "content_type": 31, "codename": "change_collectionviewrestriction"}}, {"model": "auth.permission", "pk": 120, "fields": {"name": "Can delete collection view restriction", "content_type": 31, "codename": "delete_collectionviewrestriction"}}, {"model": "auth.permission", "pk": 121, "fields": {"name": "Can view collection view restriction", "content_type": 31, "codename": "view_collectionviewrestriction"}}, {"model": "auth.permission", "pk": 122, "fields": {"name": "Can add Tag", "content_type": 32, "codename": "add_tag"}}, {"model": "auth.permission", "pk": 123, "fields": {"name": "Can change Tag", "content_type": 32, "codename": "change_tag"}}, {"model": "auth.permission", "pk": 124, "fields": {"name": "Can delete Tag", "content_type": 32, "codename": "delete_tag"}}, {"model": "auth.permission", "pk": 125, "fields": {"name": "Can view Tag", "content_type": 32, "codename": "view_tag"}}, {"model": "auth.permission", "pk": 126, "fields": {"name": "Can add Tagged Item", "content_type": 33, "codename": "add_taggeditem"}}, {"model": "auth.permission", "pk": 127, "fields": {"name": "Can change Tagged Item", "content_type": 33, "codename": "change_taggeditem"}}, {"model": "auth.permission", "pk": 128, "fields": {"name": "Can delete Tagged Item", "content_type": 33, "codename": "delete_taggeditem"}}, {"model": "auth.permission", "pk": 129, "fields": {"name": "Can view Tagged Item", "content_type": 33, "codename": "view_taggeditem"}}, {"model": "auth.group", "pk": 1, "fields": {"name": "Moderators", "permissions": [4, 5, 6, 7, 1, 2, 3]}}, {"model": "auth.group", "pk": 2, "fields": {"name": "Editors", "permissions": [4, 5, 6, 7, 1, 2, 3]}}, {"model": "auth.user", "pk": 1, "fields": {"password": "pbkdf2_sha256$120000$DefLUFzA4qdg$vmfTBQMDhqd7NnY2ddfKhcmnlF9oIOkSH7reTmIPppg=", "last_login": "2019-03-19T13:44:45.845Z", "is_superuser": true, "username": "admin", "first_name": "", "last_name": "", "email": "", "is_staff": true, "is_active": true, "date_joined": "2019-01-30T11:05:17.856Z", "groups": [], "user_permissions": []}}, {"model": "blog.blogindexpage", "pk": 3, "fields": {"intro": "<p>Esth\u00e9ticienne dipl\u00f4m\u00e9e, je vous re\u00e7ois \u00e0 mon domicile sur rendez vous uniquement \u00e0 Beausoleil.</p>", "body": "<p></p>"}}, {"model": "blog.blogindexpage", "pk": 10, "fields": {"intro": "<p>Vernis semi permanent</p>", "body": "<p>Vernis semi permanent</p>"}}, {"model": "blog.blogpage", "pk": 4, "fields": {"date": "2019-01-30", "intro_fr": "Soin du visage", "intro_it": "Cura del viso", "body_fr": "<p>Soin du visage intensif</p><p>Soin complet avec des produits de qualit\u00e9 et des appareils sp\u00e9cifiques pour chaque type de peau.</p><p>OFFERT : entretien des sourcils</p><p>Plus d&#x27; une heure de d\u00e9tente avec bougies parfum\u00e9es, musique de relaxation pour vous permettre de l\u00e2cher prise et de profiter d&#x27; un moment de bien \u00eatre.</p><p>&quot; Votre beaut\u00e9 s\u2019exprime \u00e0 travers l\u2019\u00e9tat de votre peau &quot;.</p><p><a href=\"http://vanesthetique.angel-belando.fr\">Voir les tarifs</a></p>", "body_it": "<p>Trattamento viso intensivo</p><p>Vi propongo uno trattamento completo con prodotti di qualit\u00e0 adatti a tutti tipi di pelle.</p><p>Pi\u00f9 di un ora e mezza di cura con candele profumate, musica di rilasso per procurarvi un intenso momento di benessere.</p><p></p><p>La tua bellezza si esprime attraverso le condizioni della tua pelle. La nostra pelle ha bisogno di protezione, idratazione e lenitivo per irradiare giorno per giorno.</p><p><a href=\"http://vanesthetique.angel-belando.fr/\">Vedere i prezzi</a></p>"}}, {"model": "blog.blogpage", "pk": 5, "fields": {"date": "2019-01-30", "intro_fr": "Soin des pieds", "intro_it": "Cura dei piedi", "body_fr": "<p>N&#x27; attendez plus l&#x27; \u00e9t\u00e9 pour soigner vos pieds, de jolis pieds s&#x27; entretiennent toute l&#x27; ann\u00e9e ! Les pieds nous portent tous les jours de l&#x27; ann\u00e9e, il est donc important d&#x27; en prendre soin, les chouchouter mais aussi de les soigner !</p><p>Je vous propose une beaut\u00e9 des pieds compl\u00e8te avec : sels de bains, gommage, cr\u00e8me, modelage, entretien des ongles, corne, cor et peaux mortes.</p><p><a href=\"http://vanesthetique.angel-belando.fr/\">Voir les tarifs</a></p>", "body_it": "<p>Per mani perfette e piedi impeccabili, la tua estetista offre vari trattamenti.</p><p><a href=\"http://vanesthetique.angel-belando.fr/\">Vedere i prezzi</a></p>"}}, {"model": "blog.blogpage", "pk": 6, "fields": {"date": "2019-01-30", "intro_fr": "Epilations", "intro_it": "Depilazione", "body_fr": "<p>Pour une peau douce et parfaitement \u00e9pil\u00e9e, votre esth\u00e9ticienne vous conseille l\u2019\u00e9pilation \u00e0 la cire traditionnelle.</p><p><a href=\"http://vanesthetique.angel-belando.fr/\">Voir les tarifs</a></p>", "body_it": "<p>Per una pelle morbida e perfettamente rasata, la tua estetista ti consiglia di cerare con la cera tradizionale.</p><p><a href=\"http://vanesthetique.angel-belando.fr/\">Vedere i prezzi</a></p>"}}, {"model": "blog.blogpage", "pk": 7, "fields": {"date": "2019-03-08", "intro_fr": "Les mains sont particuli\u00e8rement fragiles et sensibles aux agressions ext\u00e9rieures : mains s\u00e8ches, ongles ab\u00eem\u00e9s, jaunis ... Elles constituent une partie du corps visible en permanence il est donc important d' en prendre soin.", "intro_it": "Le mani sono particolarmente fragili e sensibili alle agressioni esterne : mani secche, unghie dannegiate, gialle. Costituiscono una parte del corpo sempre visibile, e importante prenderne cura.", "body_fr": "<p>Je vous propose un soin des mains complet avec manucure, gommage, masque, cr\u00e8me et modelage.</p>", "body_it": "<p>Vi propongo un trattamento mani completo con manicure, scrub, maschera, crema e massaggio.</p>"}}, {"model": "wagtailusers.userprofile", "pk": 1, "fields": {"user": 1, "submitted_notifications": true, "approved_notifications": true, "rejected_notifications": true, "preferred_language": "", "current_time_zone": "", "avatar": "avatar_images/avatar_ce7f5743-77b9-48d4-b966-06a50f24c654_zen-wallpaper.jpg"}}, {"model": "wagtailimages.image", "pk": 1, "fields": {"collection": 1, "title": "soins-visage.jpg", "file": "original_images/soins-visage_flRTHN8.jpg", "width": 205, "height": 205, "created_at": "2019-01-30T11:09:37.649Z", "uploaded_by_user": 1, "focal_point_x": null, "focal_point_y": null, "focal_point_width": null, "focal_point_height": null, "file_size": 30965, "file_hash": "42bbcf78faae598f30fc18e2fb8078921240e253"}}, {"model": "wagtailimages.image", "pk": 2, "fields": {"collection": 1, "title": "maquillage.jpg", "file": "original_images/maquillage_EHhxcet.jpg", "width": 205, "height": 205, "created_at": "2019-01-30T11:12:38.481Z", "uploaded_by_user": 1, "focal_point_x": null, "focal_point_y": null, "focal_point_width": null, "focal_point_height": null, "file_size": 29173, "file_hash": "814d7af705456d5492be17420bff5c679cd6bb8e"}}, {"model": "wagtailimages.image", "pk": 3, "fields": {"collection": 1, "title": "the-hand-3161974_640.jpg", "file": "original_images/the-hand-3161974_640.jpg", "width": 721, "height": 480, "created_at": "2019-01-30T11:17:03.565Z", "uploaded_by_user": 1, "focal_point_x": null, "focal_point_y": null, "focal_point_width": null, "focal_point_height": null, "file_size": 75371, "file_hash": "be0f1067caa108fd450f6f8a6eb0b3d29021bf22"}}, {"model": "wagtailimages.image", "pk": 4, "fields": {"collection": 1, "title": "feet-423092_640.jpg", "file": "original_images/feet-423092_640_TTH6zFs.jpg", "width": 640, "height": 480, "created_at": "2019-01-30T11:17:22.839Z", "uploaded_by_user": 1, "focal_point_x": null, "focal_point_y": null, "focal_point_width": null, "focal_point_height": null, "file_size": 108186, "file_hash": "e3909426eb29d49b7a40ec01e0f0cd3bb405e6e7"}}, {"model": "wagtailimages.image", "pk": 5, "fields": {"collection": 1, "title": "epilation.jpg", "file": "original_images/epilation_ZBXx9Q7.jpg", "width": 205, "height": 205, "created_at": "2019-01-30T11:19:05.069Z", "uploaded_by_user": 1, "focal_point_x": null, "focal_point_y": null, "focal_point_width": null, "focal_point_height": null, "file_size": 33265, "file_hash": "875cac189cfcb524977e7e08d38daab2cba6f475"}}, {"model": "wagtailimages.image", "pk": 6, "fields": {"collection": 1, "title": "eye-3150089_640.jpg", "file": "original_images/eye-3150089_640_TLARh5J.jpg", "width": 590, "height": 480, "created_at": "2019-01-30T11:19:20.898Z", "uploaded_by_user": 1, "focal_point_x": null, "focal_point_y": null, "focal_point_width": null, "focal_point_height": null, "file_size": 49952, "file_hash": "408b36b2c5c90ec2fa70c78b39150aec950d6826"}}, {"model": "wagtailimages.image", "pk": 7, "fields": {"collection": 1, "title": "face-mask-2578428_640.jpg", "file": "original_images/face-mask-2578428_640.jpg", "width": 721, "height": 480, "created_at": "2019-01-30T11:26:09.569Z", "uploaded_by_user": 1, "focal_point_x": null, "focal_point_y": null, "focal_point_width": null, "focal_point_height": null, "file_size": 31911, "file_hash": "7addd3551a4db53f9c91de7094aa6b4a9d8eb08e"}}, {"model": "wagtailimages.image", "pk": 8, "fields": {"collection": 1, "title": "japanese-cherry-trees-324175_1920.jpg", "file": "original_images/japanese-cherry-trees-324175_1920.jpg", "width": 1920, "height": 1280, "created_at": "2019-01-30T12:47:58.601Z", "uploaded_by_user": 1, "focal_point_x": null, "focal_point_y": null, "focal_point_width": null, "focal_point_height": null, "file_size": 247638, "file_hash": "35ef81579a0efbe2cfc8e1311938c38dc38c321c"}}, {"model": "wagtailimages.image", "pk": 9, "fields": {"collection": 1, "title": "close-up-femme-masque-facial_1122-1350.jpg", "file": "original_images/close-up-femme-masque-facial_1122-1350.jpg", "width": 625, "height": 417, "created_at": "2019-01-30T13:11:13.165Z", "uploaded_by_user": 1, "focal_point_x": null, "focal_point_y": null, "focal_point_width": null, "focal_point_height": null, "file_size": 115659, "file_hash": "9b8e2708f4bbe2503eab2168ddf7058e4cb1e9e5"}}, {"model": "wagtailimages.image", "pk": 10, "fields": {"collection": 1, "title": "Manucure / French vernis semi permanent", "file": "original_images/17353270_10211786973530340_1273969951734930076_n.jpg", "width": 960, "height": 960, "created_at": "2019-02-02T21:41:31.260Z", "uploaded_by_user": 1, "focal_point_x": null, "focal_point_y": null, "focal_point_width": null, "focal_point_height": null, "file_size": 186395, "file_hash": "ba790aef3f5e2297251b83665451779895900937"}}, {"model": "wagtailimages.image", "pk": 12, "fields": {"collection": 1, "title": "images.jpg", "file": "original_images/images.jpg", "width": 275, "height": 183, "created_at": "2019-02-21T15:37:07.734Z", "uploaded_by_user": 1, "focal_point_x": null, "focal_point_y": null, "focal_point_width": null, "focal_point_height": null, "file_size": 6080, "file_hash": "b8a5a4304e3aaf8e981b27d8166aab52ffc6036f"}}, {"model": "wagtailimages.image", "pk": 13, "fields": {"collection": 1, "title": "images (1).jpg", "file": "original_images/images_1.jpg", "width": 246, "height": 205, "created_at": "2019-02-21T15:37:29.643Z", "uploaded_by_user": 1, "focal_point_x": null, "focal_point_y": null, "focal_point_width": null, "focal_point_height": null, "file_size": 5599, "file_hash": "956c3bcefec9d8f5ff4a2638fde2fe509987387f"}}, {"model": "wagtailcore.page", "pk": 1, "fields": {"path": "0001", "depth": 1, "numchild": 1, "title": "Root", "draft_title": "Root", "slug": "root", "content_type": 1, "live": true, "has_unpublished_changes": false, "url_path": "/", "owner": null, "seo_title": "", "show_in_menus": false, "search_description": "", "go_live_at": null, "expire_at": null, "expired": false, "locked": false, "first_published_at": null, "last_published_at": null, "latest_revision_created_at": null, "live_revision": null}}, {"model": "wagtailcore.page", "pk": 2, "fields": {"path": "00010001", "depth": 2, "numchild": 1, "title": "Site Van'Esth\u00e9tique", "draft_title": "Romy Beauty", "slug": "home", "content_type": 1, "live": true, "has_unpublished_changes": true, "url_path": "/home/", "owner": null, "seo_title": "", "show_in_menus": false, "search_description": "", "go_live_at": null, "expire_at": null, "expired": false, "locked": false, "first_published_at": "2019-01-30T13:28:09.806Z", "last_published_at": "2019-01-30T13:28:09.806Z", "latest_revision_created_at": "2019-02-08T16:32:20.458Z", "live_revision": 21}}, {"model": "wagtailcore.page", "pk": 3, "fields": {"path": "000100010001", "depth": 3, "numchild": 5, "title": "BLOG Sweety Beauty", "draft_title": "BLOG Sweety Beauty", "slug": "blog", "content_type": 15, "live": true, "has_unpublished_changes": false, "url_path": "/home/blog/", "owner": 1, "seo_title": "", "show_in_menus": false, "search_description": "", "go_live_at": null, "expire_at": null, "expired": false, "locked": false, "first_published_at": "2019-01-30T11:06:03.368Z", "last_published_at": "2019-03-19T13:47:37.349Z", "latest_revision_created_at": "2019-03-19T13:47:37.313Z", "live_revision": 66}}, {"model": "wagtailcore.page", "pk": 4, "fields": {"path": "0001000100010001", "depth": 4, "numchild": 0, "title": "Soin du visage", "draft_title": "Soin du visage", "slug": "soin-du-visage", "content_type": 16, "live": true, "has_unpublished_changes": false, "url_path": "/home/blog/soin-du-visage/", "owner": 1, "seo_title": "", "show_in_menus": false, "search_description": "", "go_live_at": null, "expire_at": null, "expired": false, "locked": false, "first_published_at": "2019-01-30T11:09:43.103Z", "last_published_at": "2019-03-19T13:55:11.347Z", "latest_revision_created_at": "2019-03-19T13:55:11.309Z", "live_revision": 73}}, {"model": "wagtailcore.page", "pk": 5, "fields": {"path": "0001000100010002", "depth": 4, "numchild": 0, "title": "Soins des pieds", "draft_title": "Soins des pieds", "slug": "soins-des-mains-et-des-pieds", "content_type": 16, "live": true, "has_unpublished_changes": false, "url_path": "/home/blog/soins-des-mains-et-des-pieds/", "owner": 1, "seo_title": "", "show_in_menus": false, "search_description": "", "go_live_at": null, "expire_at": null, "expired": false, "locked": false, "first_published_at": "2019-01-30T11:17:26.750Z", "last_published_at": "2019-03-19T13:49:18.983Z", "latest_revision_created_at": "2019-03-19T13:49:18.962Z", "live_revision": 69}}, {"model": "wagtailcore.page", "pk": 6, "fields": {"path": "0001000100010003", "depth": 4, "numchild": 0, "title": "Epilations", "draft_title": "Epilations", "slug": "epilations", "content_type": 16, "live": true, "has_unpublished_changes": false, "url_path": "/home/blog/epilations/", "owner": 1, "seo_title": "", "show_in_menus": false, "search_description": "", "go_live_at": null, "expire_at": null, "expired": false, "locked": false, "first_published_at": "2019-01-30T11:20:07.641Z", "last_published_at": "2019-03-19T13:59:38.206Z", "latest_revision_created_at": "2019-03-19T13:59:38.180Z", "live_revision": 75}}, {"model": "wagtailcore.page", "pk": 7, "fields": {"path": "0001000100010004", "depth": 4, "numchild": 0, "title": "Beaut\u00e9 des ongles et des mains", "draft_title": "Beaut\u00e9 des ongles et des mains", "slug": "beaut\u00e9-des-ongles-et-des-mains", "content_type": 16, "live": true, "has_unpublished_changes": false, "url_path": "/home/blog/beaut\u00e9-des-ongles-et-des-mains/", "owner": 1, "seo_title": "", "show_in_menus": false, "search_description": "", "go_live_at": null, "expire_at": null, "expired": false, "locked": false, "first_published_at": "2019-03-19T13:45:33.066Z", "last_published_at": "2019-03-19T13:45:41.055Z", "latest_revision_created_at": "2019-03-19T13:45:41.033Z", "live_revision": 65}}, {"model": "wagtailcore.page", "pk": 10, "fields": {"path": "0001000100010005", "depth": 4, "numchild": 0, "title": "Vernis semi permanent", "draft_title": "Vernis semi permanent", "slug": "vernis-semi-permanent", "content_type": 15, "live": false, "has_unpublished_changes": true, "url_path": "/home/blog/vernis-semi-permanent/", "owner": 1, "seo_title": "", "show_in_menus": false, "search_description": "", "go_live_at": null, "expire_at": null, "expired": false, "locked": false, "first_published_at": "2019-03-19T13:51:06.297Z", "last_published_at": "2019-03-19T13:51:06.297Z", "latest_revision_created_at": "2019-03-19T13:51:06.276Z", "live_revision": null}}, {"model": "wagtailcore.pagerevision", "pk": 1, "fields": {"page": 3, "submitted_for_moderation": false, "created_at": "2019-01-30T11:06:03.345Z", "user": 1, "content_json": "{\"pk\": 3, \"path\": \"000100010001\", \"depth\": 3, \"numchild\": 0, \"title\": \"BLOG VANESSA\", \"draft_title\": \"BLOG VANESSA\", \"slug\": \"blog\", \"content_type\": 15, \"live\": true, \"has_unpublished_changes\": false, \"url_path\": \"/home/blog/\", \"owner\": 1, \"seo_title\": \"\", \"show_in_menus\": false, \"search_description\": \"\", \"go_live_at\": null, \"expire_at\": null, \"expired\": false, \"locked\": false, \"first_published_at\": null, \"last_published_at\": null, \"latest_revision_created_at\": null, \"live_revision\": null, \"intro\": \"<p></p>\", \"body\": \"<p></p>\"}", "approved_go_live_at": null}}, {"model": "wagtailcore.pagerevision", "pk": 2, "fields": {"page": 4, "submitted_for_moderation": false, "created_at": "2019-01-30T11:09:43.076Z", "user": 1, "content_json": "{\"pk\": 4, \"path\": \"0001000100010001\", \"depth\": 4, \"numchild\": 0, \"title\": \"Soin du visage\", \"draft_title\": \"Soin du visage\", \"slug\": \"soin-du-visage\", \"content_type\": 16, \"live\": true, \"has_unpublished_changes\": false, \"url_path\": \"/home/blog/soin-du-visage/\", \"owner\": 1, \"seo_title\": \"\", \"show_in_menus\": false, \"search_description\": \"\", \"go_live_at\": null, \"expire_at\": null, \"expired\": false, \"locked\": false, \"first_published_at\": null, \"last_published_at\": null, \"latest_revision_created_at\": null, \"live_revision\": null, \"date\": \"2019-01-30\", \"intro_fr\": \"Soin du visage\", \"intro_it\": \"Cura del viso\", \"body_fr\": \"<p>Votre beaut\\u00e9 s\\u2019exprime \\u00e0 travers l\\u2019\\u00e9tat de votre peau. Notre peau a besoin de protection, d\\u2019hydratation et d\\u2019apaisement pour rayonner de jour en jour.</p><p><a href=\\\"http://127.0.0.1:8000/\\\">Voir les tarifs</a></p>\", \"body_it\": \"<p>La tua bellezza si esprime attraverso le condizioni della tua pelle. La nostra pelle ha bisogno di protezione, idratazione e lenitivo per irradiare giorno per giorno.</p>\", \"gallery_images\": [{\"pk\": 1, \"sort_order\": 0, \"page\": 4, \"image\": 1, \"caption\": \"\"}]}", "approved_go_live_at": null}}, {"model": "wagtailcore.pagerevision", "pk": 3, "fields": {"page": 4, "submitted_for_moderation": false, "created_at": "2019-01-30T11:12:41.010Z", "user": 1, "content_json": "{\"pk\": 4, \"path\": \"0001000100010001\", \"depth\": 4, \"numchild\": 0, \"title\": \"Soin du visage\", \"draft_title\": \"Soin du visage\", \"slug\": \"soin-du-visage\", \"content_type\": 16, \"live\": true, \"has_unpublished_changes\": false, \"url_path\": \"/home/blog/soin-du-visage/\", \"owner\": 1, \"seo_title\": \"\", \"show_in_menus\": false, \"search_description\": \"\", \"go_live_at\": null, \"expire_at\": null, \"expired\": false, \"locked\": false, \"first_published_at\": \"2019-01-30T11:09:43.103Z\", \"last_published_at\": \"2019-01-30T11:09:43.103Z\", \"latest_revision_created_at\": \"2019-01-30T11:09:43.076Z\", \"live_revision\": 2, \"date\": \"2019-01-30\", \"intro_fr\": \"Soin du visage\", \"intro_it\": \"Cura del viso\", \"body_fr\": \"<p>Votre beaut\\u00e9 s\\u2019exprime \\u00e0 travers l\\u2019\\u00e9tat de votre peau. Notre peau a besoin de protection, d\\u2019hydratation et d\\u2019apaisement pour rayonner de jour en jour.</p><p><a href=\\\"http://vanesthetique.angel-belando.fr\\\">Voir les tarifs</a></p>\", \"body_it\": \"<p>La tua bellezza si esprime attraverso le condizioni della tua pelle. La nostra pelle ha bisogno di protezione, idratazione e lenitivo per irradiare giorno per giorno.</p>\", \"gallery_images\": [{\"pk\": 1, \"sort_order\": 0, \"page\": 4, \"image\": 1, \"caption\": \"\"}, {\"pk\": null, \"sort_order\": 1, \"page\": 4, \"image\": 2, \"caption\": \"\"}]}", "approved_go_live_at": null}}, {"model": "wagtailcore.pagerevision", "pk": 4, "fields": {"page": 4, "submitted_for_moderation": false, "created_at": "2019-01-30T11:12:56.017Z", "user": 1, "content_json": "{\"pk\": 4, \"path\": \"0001000100010001\", \"depth\": 4, \"numchild\": 0, \"title\": \"Soin du visage\", \"draft_title\": \"Soin du visage\", \"slug\": \"soin-du-visage\", \"content_type\": 16, \"live\": true, \"has_unpublished_changes\": true, \"url_path\": \"/home/blog/soin-du-visage/\", \"owner\": 1, \"seo_title\": \"\", \"show_in_menus\": false, \"search_description\": \"\", \"go_live_at\": null, \"expire_at\": null, \"expired\": false, \"locked\": false, \"first_published_at\": \"2019-01-30T11:09:43.103Z\", \"last_published_at\": \"2019-01-30T11:09:43.103Z\", \"latest_revision_created_at\": \"2019-01-30T11:12:41.010Z\", \"live_revision\": 2, \"date\": \"2019-01-30\", \"intro_fr\": \"Soin du visage\", \"intro_it\": \"Cura del viso\", \"body_fr\": \"<p>Votre beaut\\u00e9 s\\u2019exprime \\u00e0 travers l\\u2019\\u00e9tat de votre peau. Notre peau a besoin de protection, d\\u2019hydratation et d\\u2019apaisement pour rayonner de jour en jour.</p><p><a href=\\\"http://vanesthetique.angel-belando.fr\\\">Voir les tarifs</a></p>\", \"body_it\": \"<p>La tua bellezza si esprime attraverso le condizioni della tua pelle. La nostra pelle ha bisogno di protezione, idratazione e lenitivo per irradiare giorno per giorno.</p>\", \"gallery_images\": [{\"pk\": 1, \"sort_order\": 0, \"page\": null, \"image\": 1, \"caption\": \"\"}, {\"pk\": null, \"sort_order\": 1, \"page\": 4, \"image\": 2, \"caption\": \"\"}]}", "approved_go_live_at": null}}, {"model": "wagtailcore.pagerevision", "pk": 5, "fields": {"page": 4, "submitted_for_moderation": false, "created_at": "2019-01-30T11:13:06.398Z", "user": 1, "content_json": "{\"pk\": 4, \"path\": \"0001000100010001\", \"depth\": 4, \"numchild\": 0, \"title\": \"Soin du visage\", \"draft_title\": \"Soin du visage\", \"slug\": \"soin-du-visage\", \"content_type\": 16, \"live\": true, \"has_unpublished_changes\": true, \"url_path\": \"/home/blog/soin-du-visage/\", \"owner\": 1, \"seo_title\": \"\", \"show_in_menus\": false, \"search_description\": \"\", \"go_live_at\": null, \"expire_at\": null, \"expired\": false, \"locked\": false, \"first_published_at\": \"2019-01-30T11:09:43.103Z\", \"last_published_at\": \"2019-01-30T11:09:43.103Z\", \"latest_revision_created_at\": \"2019-01-30T11:12:56.017Z\", \"live_revision\": 2, \"date\": \"2019-01-30\", \"intro_fr\": \"Soin du visage\", \"intro_it\": \"Cura del viso\", \"body_fr\": \"<p>Votre beaut\\u00e9 s\\u2019exprime \\u00e0 travers l\\u2019\\u00e9tat de votre peau. Notre peau a besoin de protection, d\\u2019hydratation et d\\u2019apaisement pour rayonner de jour en jour.</p><p><a href=\\\"http://vanesthetique.angel-belando.fr\\\">Voir les tarifs</a></p>\", \"body_it\": \"<p>La tua bellezza si esprime attraverso le condizioni della tua pelle. La nostra pelle ha bisogno di protezione, idratazione e lenitivo per irradiare giorno per giorno.</p>\", \"gallery_images\": [{\"pk\": 1, \"sort_order\": 0, \"page\": null, \"image\": 1, \"caption\": \"\"}, {\"pk\": null, \"sort_order\": 1, \"page\": 4, \"image\": 2, \"caption\": \"\"}]}", "approved_go_live_at": null}}, {"model": "wagtailcore.pagerevision", "pk": 6, "fields": {"page": 4, "submitted_for_moderation": false, "created_at": "2019-01-30T11:14:32.630Z", "user": 1, "content_json": "{\"pk\": 4, \"path\": \"0001000100010001\", \"depth\": 4, \"numchild\": 0, \"title\": \"Soin du visage\", \"draft_title\": \"Soin du visage\", \"slug\": \"soin-du-visage\", \"content_type\": 16, \"live\": true, \"has_unpublished_changes\": false, \"url_path\": \"/home/blog/soin-du-visage/\", \"owner\": 1, \"seo_title\": \"\", \"show_in_menus\": false, \"search_description\": \"\", \"go_live_at\": null, \"expire_at\": null, \"expired\": false, \"locked\": false, \"first_published_at\": \"2019-01-30T11:09:43.103Z\", \"last_published_at\": \"2019-01-30T11:13:06.422Z\", \"latest_revision_created_at\": \"2019-01-30T11:13:06.398Z\", \"live_revision\": 5, \"date\": \"2019-01-30\", \"intro_fr\": \"Soin du visage\", \"intro_it\": \"Cura del viso\", \"body_fr\": \"<p>Votre beaut\\u00e9 s\\u2019exprime \\u00e0 travers l\\u2019\\u00e9tat de votre peau. Notre peau a besoin de protection, d\\u2019hydratation et d\\u2019apaisement pour rayonner de jour en jour.</p><p><a href=\\\"http://vanesthetique.angel-belando.fr\\\">Voir les tarifs</a></p>\", \"body_it\": \"<p>La tua bellezza si esprime attraverso le condizioni della tua pelle. La nostra pelle ha bisogno di protezione, idratazione e lenitivo per irradiare giorno per giorno.</p><p><a href=\\\"http://vanesthetique.angel-belando.fr/\\\">Vedere i prezzi</a></p>\", \"gallery_images\": [{\"pk\": 1, \"sort_order\": 0, \"page\": 4, \"image\": 1, \"caption\": \"\"}, {\"pk\": 2, \"sort_order\": 1, \"page\": 4, \"image\": 2, \"caption\": \"\"}]}", "approved_go_live_at": null}}, {"model": "wagtailcore.pagerevision", "pk": 7, "fields": {"page": 5, "submitted_for_moderation": false, "created_at": "2019-01-30T11:17:26.724Z", "user": 1, "content_json": "{\"pk\": 5, \"path\": \"0001000100010002\", \"depth\": 4, \"numchild\": 0, \"title\": \"Soins des mains et des pieds\", \"draft_title\": \"Soins des mains et des pieds\", \"slug\": \"soins-des-mains-et-des-pieds\", \"content_type\": 16, \"live\": true, \"has_unpublished_changes\": false, \"url_path\": \"/home/blog/soins-des-mains-et-des-pieds/\", \"owner\": 1, \"seo_title\": \"\", \"show_in_menus\": false, \"search_description\": \"\", \"go_live_at\": null, \"expire_at\": null, \"expired\": false, \"locked\": false, \"first_published_at\": null, \"last_published_at\": null, \"latest_revision_created_at\": null, \"live_revision\": null, \"date\": \"2019-01-30\", \"intro_fr\": \"Soins des mains et des pieds\", \"intro_it\": \"Cura delle mani e dei piedi\", \"body_fr\": \"<p>Pour des mains parfaites et des pieds impeccables, votre esth\\u00e9ticienne vous propose diff\\u00e9rents soins.</p><p><a href=\\\"http://127.0.0.1:8000/\\\">Voir les tarifs</a></p>\", \"body_it\": \"<p>Per mani perfette e piedi impeccabili, la tua estetista offre vari trattamenti.</p><p><a href=\\\"http://127.0.0.1:8000/\\\">Vedere i prezzi</a></p>\", \"gallery_images\": [{\"pk\": 3, \"sort_order\": 0, \"page\": 5, \"image\": 3, \"caption\": \"\"}, {\"pk\": 4, \"sort_order\": 1, \"page\": 5, \"image\": 4, \"caption\": \"\"}]}", "approved_go_live_at": null}}, {"model": "wagtailcore.pagerevision", "pk": 8, "fields": {"page": 6, "submitted_for_moderation": false, "created_at": "2019-01-30T11:20:07.617Z", "user": 1, "content_json": "{\"pk\": 6, \"path\": \"0001000100010003\", \"depth\": 4, \"numchild\": 0, \"title\": \"Epilations\", \"draft_title\": \"Epilations\", \"slug\": \"epilations\", \"content_type\": 16, \"live\": true, \"has_unpublished_changes\": false, \"url_path\": \"/home/blog/epilations/\", \"owner\": 1, \"seo_title\": \"\", \"show_in_menus\": false, \"search_description\": \"\", \"go_live_at\": null, \"expire_at\": null, \"expired\": false, \"locked\": false, \"first_published_at\": null, \"last_published_at\": null, \"latest_revision_created_at\": null, \"live_revision\": null, \"date\": \"2019-01-30\", \"intro_fr\": \"Epilations\", \"intro_it\": \"Ceretta\", \"body_fr\": \"<p>Pour une peau douce et parfaitement \\u00e9pil\\u00e9e, votre esth\\u00e9ticienne vous conseille l\\u2019\\u00e9pilation \\u00e0 la cire traditionnelle.</p><p><a href=\\\"http://vanesthetique.angel-belando.fr/\\\">Voir les tarifs</a></p>\", \"body_it\": \"<p>Per una pelle morbida e perfettamente rasata, la tua estetista ti consiglia di cerare con la cera tradizionale.</p><p><a href=\\\"http://vanesthetique.angel-belando.fr/\\\">Vedere i prezzi</a></p>\", \"gallery_images\": [{\"pk\": 5, \"sort_order\": 0, \"page\": 6, \"image\": 5, \"caption\": \"\"}, {\"pk\": 6, \"sort_order\": 1, \"page\": 6, \"image\": 6, \"caption\": \"\"}]}", "approved_go_live_at": null}}, {"model": "wagtailcore.pagerevision", "pk": 9, "fields": {"page": 5, "submitted_for_moderation": false, "created_at": "2019-01-30T11:20:43.784Z", "user": 1, "content_json": "{\"pk\": 5, \"path\": \"0001000100010002\", \"depth\": 4, \"numchild\": 0, \"title\": \"Soins des mains et des pieds\", \"draft_title\": \"Soins des mains et des pieds\", \"slug\": \"soins-des-mains-et-des-pieds\", \"content_type\": 16, \"live\": true, \"has_unpublished_changes\": false, \"url_path\": \"/home/blog/soins-des-mains-et-des-pieds/\", \"owner\": 1, \"seo_title\": \"\", \"show_in_menus\": false, \"search_description\": \"\", \"go_live_at\": null, \"expire_at\": null, \"expired\": false, \"locked\": false, \"first_published_at\": \"2019-01-30T11:17:26.750Z\", \"last_published_at\": \"2019-01-30T11:17:26.750Z\", \"latest_revision_created_at\": \"2019-01-30T11:17:26.724Z\", \"live_revision\": 7, \"date\": \"2019-01-30\", \"intro_fr\": \"Soins des mains et des pieds\", \"intro_it\": \"Cura delle mani e dei piedi\", \"body_fr\": \"<p>Pour des mains parfaites et des pieds impeccables, votre esth\\u00e9ticienne vous propose diff\\u00e9rents soins.</p><p><a href=\\\"http://vanesthetique.angel-belando.fr/\\\">Voir les tarifs</a></p>\", \"body_it\": \"<p>Per mani perfette e piedi impeccabili, la tua estetista offre vari trattamenti.</p><p><a href=\\\"http://vanesthetique.angel-belando.fr/\\\">Vedere i prezzi</a></p>\", \"gallery_images\": [{\"pk\": 3, \"sort_order\": 0, \"page\": 5, \"image\": 3, \"caption\": \"\"}, {\"pk\": 4, \"sort_order\": 1, \"page\": 5, \"image\": 4, \"caption\": \"\"}]}", "approved_go_live_at": null}}, {"model": "wagtailcore.pagerevision", "pk": 10, "fields": {"page": 5, "submitted_for_moderation": false, "created_at": "2019-01-30T11:21:53.014Z", "user": 1, "content_json": "{\"pk\": 5, \"path\": \"0001000100010002\", \"depth\": 4, \"numchild\": 0, \"title\": \"Soins des mains et des pieds\", \"draft_title\": \"Soins des mains et des pieds\", \"slug\": \"soins-des-mains-et-des-pieds\", \"content_type\": 16, \"live\": true, \"has_unpublished_changes\": false, \"url_path\": \"/home/blog/soins-des-mains-et-des-pieds/\", \"owner\": 1, \"seo_title\": \"\", \"show_in_menus\": false, \"search_description\": \"\", \"go_live_at\": null, \"expire_at\": null, \"expired\": false, \"locked\": false, \"first_published_at\": \"2019-01-30T11:17:26.750Z\", \"last_published_at\": \"2019-01-30T11:20:43.820Z\", \"latest_revision_created_at\": \"2019-01-30T11:20:43.784Z\", \"live_revision\": 9, \"date\": \"2019-01-30\", \"intro_fr\": \"Soins des mains et des pieds\", \"intro_it\": \"Cura delle mani e dei piedi\", \"body_fr\": \"<p>Pour des mains parfaites et des pieds impeccables, votre esth\\u00e9ticienne vous propose diff\\u00e9rents soins.</p><p><a href=\\\"http://vanesthetique.angel-belando.fr/\\\">Voir les tarifs</a></p>\", \"body_it\": \"<p>Per mani perfette e piedi impeccabili, la tua estetista offre vari trattamenti.</p><p><a href=\\\"http://vanesthetique.angel-belando.fr/\\\">Vedere i prezzi</a></p>\", \"gallery_images\": [{\"pk\": 3, \"sort_order\": 0, \"page\": 5, \"image\": 3, \"caption\": \"\"}, {\"pk\": 4, \"sort_order\": 1, \"page\": 5, \"image\": 4, \"caption\": \"\"}]}", "approved_go_live_at": null}}, {"model": "wagtailcore.pagerevision", "pk": 11, "fields": {"page": 6, "submitted_for_moderation": false, "created_at": "2019-01-30T11:23:16.928Z", "user": 1, "content_json": "{\"pk\": 6, \"path\": \"0001000100010003\", \"depth\": 4, \"numchild\": 0, \"title\": \"Epilations\", \"draft_title\": \"Epilations\", \"slug\": \"epilations\", \"content_type\": 16, \"live\": true, \"has_unpublished_changes\": false, \"url_path\": \"/home/blog/epilations/\", \"owner\": 1, \"seo_title\": \"\", \"show_in_menus\": false, \"search_description\": \"\", \"go_live_at\": null, \"expire_at\": null, \"expired\": false, \"locked\": false, \"first_published_at\": \"2019-01-30T11:20:07.641Z\", \"last_published_at\": \"2019-01-30T11:20:07.641Z\", \"latest_revision_created_at\": \"2019-01-30T11:20:07.617Z\", \"live_revision\": 8, \"date\": \"2019-01-30\", \"intro_fr\": \"Epilations\", \"intro_it\": \"Ceretta\", \"body_fr\": \"<p>Pour une peau douce et parfaitement \\u00e9pil\\u00e9e, votre esth\\u00e9ticienne vous conseille l\\u2019\\u00e9pilation \\u00e0 la cire traditionnelle.</p><p><a href=\\\"http://vanesthetique.angel-belando.fr/\\\">Voir les tarifs</a></p>\", \"body_it\": \"<p>Per una pelle morbida e perfettamente rasata, la tua estetista ti consiglia di cerare con la cera tradizionale.</p><p><a href=\\\"http://vanesthetique.angel-belando.fr/\\\">Vedere i prezzi</a></p>\", \"gallery_images\": [{\"pk\": 6, \"sort_order\": 1, \"page\": 6, \"image\": 6, \"caption\": \"\"}]}", "approved_go_live_at": null}}, {"model": "wagtailcore.pagerevision", "pk": 12, "fields": {"page": 4, "submitted_for_moderation": false, "created_at": "2019-01-30T11:26:18.297Z", "user": 1, "content_json": "{\"pk\": 4, \"path\": \"0001000100010001\", \"depth\": 4, \"numchild\": 0, \"title\": \"Soin du visage\", \"draft_title\": \"Soin du visage\", \"slug\": \"soin-du-visage\", \"content_type\": 16, \"live\": true, \"has_unpublished_changes\": false, \"url_path\": \"/home/blog/soin-du-visage/\", \"owner\": 1, \"seo_title\": \"\", \"show_in_menus\": false, \"search_description\": \"\", \"go_live_at\": null, \"expire_at\": null, \"expired\": false, \"locked\": false, \"first_published_at\": \"2019-01-30T11:09:43.103Z\", \"last_published_at\": \"2019-01-30T11:14:32.658Z\", \"latest_revision_created_at\": \"2019-01-30T11:14:32.630Z\", \"live_revision\": 6, \"date\": \"2019-01-30\", \"intro_fr\": \"Soin du visage\", \"intro_it\": \"Cura del viso\", \"body_fr\": \"<p>Votre beaut\\u00e9 s\\u2019exprime \\u00e0 travers l\\u2019\\u00e9tat de votre peau. Notre peau a besoin de protection, d\\u2019hydratation et d\\u2019apaisement pour rayonner de jour en jour.</p><p><a href=\\\"http://vanesthetique.angel-belando.fr\\\">Voir les tarifs</a></p>\", \"body_it\": \"<p>La tua bellezza si esprime attraverso le condizioni della tua pelle. La nostra pelle ha bisogno di protezione, idratazione e lenitivo per irradiare giorno per giorno.</p><p><a href=\\\"http://vanesthetique.angel-belando.fr/\\\">Vedere i prezzi</a></p>\", \"gallery_images\": [{\"pk\": null, \"sort_order\": 0, \"page\": 4, \"image\": 7, \"caption\": \"\"}, {\"pk\": 1, \"sort_order\": 1, \"page\": 4, \"image\": 1, \"caption\": \"\"}, {\"pk\": 2, \"sort_order\": 2, \"page\": 4, \"image\": 2, \"caption\": \"\"}]}", "approved_go_live_at": null}}, {"model": "wagtailcore.pagerevision", "pk": 13, "fields": {"page": 4, "submitted_for_moderation": false, "created_at": "2019-01-30T11:26:40.922Z", "user": 1, "content_json": "{\"pk\": 4, \"path\": \"0001000100010001\", \"depth\": 4, \"numchild\": 0, \"title\": \"Soin du visage\", \"draft_title\": \"Soin du visage\", \"slug\": \"soin-du-visage\", \"content_type\": 16, \"live\": true, \"has_unpublished_changes\": true, \"url_path\": \"/home/blog/soin-du-visage/\", \"owner\": 1, \"seo_title\": \"\", \"show_in_menus\": false, \"search_description\": \"\", \"go_live_at\": null, \"expire_at\": null, \"expired\": false, \"locked\": false, \"first_published_at\": \"2019-01-30T11:09:43.103Z\", \"last_published_at\": \"2019-01-30T11:14:32.658Z\", \"latest_revision_created_at\": \"2019-01-30T11:26:18.297Z\", \"live_revision\": 6, \"date\": \"2019-01-30\", \"intro_fr\": \"Soin du visage\", \"intro_it\": \"Cura del viso\", \"body_fr\": \"<p>Votre beaut\\u00e9 s\\u2019exprime \\u00e0 travers l\\u2019\\u00e9tat de votre peau. Notre peau a besoin de protection, d\\u2019hydratation et d\\u2019apaisement pour rayonner de jour en jour.</p><p><a href=\\\"http://vanesthetique.angel-belando.fr\\\">Voir les tarifs</a></p>\", \"body_it\": \"<p>La tua bellezza si esprime attraverso le condizioni della tua pelle. La nostra pelle ha bisogno di protezione, idratazione e lenitivo per irradiare giorno per giorno.</p><p><a href=\\\"http://vanesthetique.angel-belando.fr/\\\">Vedere i prezzi</a></p>\", \"gallery_images\": [{\"pk\": null, \"sort_order\": 0, \"page\": 4, \"image\": 7, \"caption\": \"\"}, {\"pk\": 1, \"sort_order\": 1, \"page\": null, \"image\": 1, \"caption\": \"\"}, {\"pk\": 2, \"sort_order\": 2, \"page\": null, \"image\": 2, \"caption\": \"\"}]}", "approved_go_live_at": null}}, {"model": "wagtailcore.pagerevision", "pk": 14, "fields": {"page": 4, "submitted_for_moderation": false, "created_at": "2019-01-30T12:46:54.680Z", "user": 1, "content_json": "{\"pk\": 4, \"path\": \"0001000100010001\", \"depth\": 4, \"numchild\": 0, \"title\": \"Soin du visage\", \"draft_title\": \"Soin du visage\", \"slug\": \"soin-du-visage\", \"content_type\": 16, \"live\": true, \"has_unpublished_changes\": false, \"url_path\": \"/home/blog/soin-du-visage/\", \"owner\": 1, \"seo_title\": \"\", \"show_in_menus\": false, \"search_description\": \"\", \"go_live_at\": null, \"expire_at\": null, \"expired\": false, \"locked\": false, \"first_published_at\": \"2019-01-30T11:09:43.103Z\", \"last_published_at\": \"2019-01-30T11:26:40.955Z\", \"latest_revision_created_at\": \"2019-01-30T11:26:40.922Z\", \"live_revision\": 13, \"date\": \"2019-01-30\", \"intro_fr\": \"Soin du visage\", \"intro_it\": \"Cura del viso\", \"body_fr\": \"<p>Votre beaut\\u00e9 s\\u2019exprime \\u00e0 travers l\\u2019\\u00e9tat de votre peau. Notre peau a besoin de protection, d\\u2019hydratation et d\\u2019apaisement pour rayonner de jour en jour.</p><p><a href=\\\"http://vanesthetique.angel-belando.fr\\\">Voir les tarifs</a></p>\", \"body_it\": \"<p>La tua bellezza si esprime attraverso le condizioni della tua pelle. La nostra pelle ha bisogno di protezione, idratazione e lenitivo per irradiare giorno per giorno.</p><p><a href=\\\"http://vanesthetique.angel-belando.fr/\\\">Vedere i prezzi</a></p>\", \"gallery_images\": [{\"pk\": 7, \"sort_order\": 0, \"page\": 4, \"image\": 7, \"caption\": \"\"}, {\"pk\": 1, \"sort_order\": 1, \"page\": 4, \"image\": 1, \"caption\": \"\"}]}", "approved_go_live_at": null}}, {"model": "wagtailcore.pagerevision", "pk": 15, "fields": {"page": 4, "submitted_for_moderation": false, "created_at": "2019-01-30T12:48:05.280Z", "user": 1, "content_json": "{\"pk\": 4, \"path\": \"0001000100010001\", \"depth\": 4, \"numchild\": 0, \"title\": \"Soin du visage\", \"draft_title\": \"Soin du visage\", \"slug\": \"soin-du-visage\", \"content_type\": 16, \"live\": true, \"has_unpublished_changes\": false, \"url_path\": \"/home/blog/soin-du-visage/\", \"owner\": 1, \"seo_title\": \"\", \"show_in_menus\": false, \"search_description\": \"\", \"go_live_at\": null, \"expire_at\": null, \"expired\": false, \"locked\": false, \"first_published_at\": \"2019-01-30T11:09:43.103Z\", \"last_published_at\": \"2019-01-30T12:46:54.711Z\", \"latest_revision_created_at\": \"2019-01-30T12:46:54.680Z\", \"live_revision\": 14, \"date\": \"2019-01-30\", \"intro_fr\": \"Soin du visage\", \"intro_it\": \"Cura del viso\", \"body_fr\": \"<p>Votre beaut\\u00e9 s\\u2019exprime \\u00e0 travers l\\u2019\\u00e9tat de votre peau. Notre peau a besoin de protection, d\\u2019hydratation et d\\u2019apaisement pour rayonner de jour en jour.</p><p><a href=\\\"http://vanesthetique.angel-belando.fr\\\">Voir les tarifs</a></p>\", \"body_it\": \"<p>La tua bellezza si esprime attraverso le condizioni della tua pelle. La nostra pelle ha bisogno di protezione, idratazione e lenitivo per irradiare giorno per giorno.</p><p><a href=\\\"http://vanesthetique.angel-belando.fr/\\\">Vedere i prezzi</a></p>\", \"gallery_images\": [{\"pk\": 7, \"sort_order\": 0, \"page\": 4, \"image\": 7, \"caption\": \"\"}, {\"pk\": 1, \"sort_order\": 1, \"page\": 4, \"image\": 1, \"caption\": \"\"}, {\"pk\": null, \"sort_order\": 2, \"page\": 4, \"image\": 8, \"caption\": \"\"}]}", "approved_go_live_at": null}}, {"model": "wagtailcore.pagerevision", "pk": 16, "fields": {"page": 4, "submitted_for_moderation": false, "created_at": "2019-01-30T12:48:38.961Z", "user": 1, "content_json": "{\"pk\": 4, \"path\": \"0001000100010001\", \"depth\": 4, \"numchild\": 0, \"title\": \"Soin du visage\", \"draft_title\": \"Soin du visage\", \"slug\": \"soin-du-visage\", \"content_type\": 16, \"live\": true, \"has_unpublished_changes\": false, \"url_path\": \"/home/blog/soin-du-visage/\", \"owner\": 1, \"seo_title\": \"\", \"show_in_menus\": false, \"search_description\": \"\", \"go_live_at\": null, \"expire_at\": null, \"expired\": false, \"locked\": false, \"first_published_at\": \"2019-01-30T11:09:43.103Z\", \"last_published_at\": \"2019-01-30T12:48:05.311Z\", \"latest_revision_created_at\": \"2019-01-30T12:48:05.280Z\", \"live_revision\": 15, \"date\": \"2019-01-30\", \"intro_fr\": \"Soin du visage\", \"intro_it\": \"Cura del viso\", \"body_fr\": \"<p>Votre beaut\\u00e9 s\\u2019exprime \\u00e0 travers l\\u2019\\u00e9tat de votre peau. Notre peau a besoin de protection, d\\u2019hydratation et d\\u2019apaisement pour rayonner de jour en jour.</p><p><a href=\\\"http://vanesthetique.angel-belando.fr\\\">Voir les tarifs</a></p>\", \"body_it\": \"<p>La tua bellezza si esprime attraverso le condizioni della tua pelle. La nostra pelle ha bisogno di protezione, idratazione e lenitivo per irradiare giorno per giorno.</p><p><a href=\\\"http://vanesthetique.angel-belando.fr/\\\">Vedere i prezzi</a></p>\", \"gallery_images\": [{\"pk\": 1, \"sort_order\": 0, \"page\": 4, \"image\": 1, \"caption\": \"\"}, {\"pk\": 7, \"sort_order\": 1, \"page\": 4, \"image\": 7, \"caption\": \"\"}]}", "approved_go_live_at": null}}, {"model": "wagtailcore.pagerevision", "pk": 17, "fields": {"page": 4, "submitted_for_moderation": false, "created_at": "2019-01-30T13:05:40.511Z", "user": 1, "content_json": "{\"pk\": 4, \"path\": \"0001000100010001\", \"depth\": 4, \"numchild\": 0, \"title\": \"Soin du visage\", \"draft_title\": \"Soin du visage\", \"slug\": \"soin-du-visage\", \"content_type\": 16, \"live\": true, \"has_unpublished_changes\": false, \"url_path\": \"/home/blog/soin-du-visage/\", \"owner\": 1, \"seo_title\": \"\", \"show_in_menus\": false, \"search_description\": \"\", \"go_live_at\": null, \"expire_at\": null, \"expired\": false, \"locked\": false, \"first_published_at\": \"2019-01-30T11:09:43.103Z\", \"last_published_at\": \"2019-01-30T12:48:38.993Z\", \"latest_revision_created_at\": \"2019-01-30T12:48:38.961Z\", \"live_revision\": 16, \"date\": \"2019-01-30\", \"intro_fr\": \"Soin du visage\", \"intro_it\": \"Cura del viso\", \"body_fr\": \"<p>Votre beaut\\u00e9 s\\u2019exprime \\u00e0 travers l\\u2019\\u00e9tat de votre peau. Notre peau a besoin de protection, d\\u2019hydratation et d\\u2019apaisement pour rayonner de jour en jour.</p><p><a href=\\\"http://vanesthetique.angel-belando.fr\\\">Voir les tarifs</a></p>\", \"body_it\": \"<p>La tua bellezza si esprime attraverso le condizioni della tua pelle. La nostra pelle ha bisogno di protezione, idratazione e lenitivo per irradiare giorno per giorno.</p><p><a href=\\\"http://vanesthetique.angel-belando.fr/\\\">Vedere i prezzi</a></p>\", \"gallery_images\": [{\"pk\": 7, \"sort_order\": 0, \"page\": 4, \"image\": 7, \"caption\": \"\"}, {\"pk\": 1, \"sort_order\": 1, \"page\": 4, \"image\": 1, \"caption\": \"\"}]}", "approved_go_live_at": null}}, {"model": "wagtailcore.pagerevision", "pk": 18, "fields": {"page": 4, "submitted_for_moderation": false, "created_at": "2019-01-30T13:11:22.086Z", "user": 1, "content_json": "{\"pk\": 4, \"path\": \"0001000100010001\", \"depth\": 4, \"numchild\": 0, \"title\": \"Soin du visage\", \"draft_title\": \"Soin du visage\", \"slug\": \"soin-du-visage\", \"content_type\": 16, \"live\": true, \"has_unpublished_changes\": false, \"url_path\": \"/home/blog/soin-du-visage/\", \"owner\": 1, \"seo_title\": \"\", \"show_in_menus\": false, \"search_description\": \"\", \"go_live_at\": null, \"expire_at\": null, \"expired\": false, \"locked\": false, \"first_published_at\": \"2019-01-30T11:09:43.103Z\", \"last_published_at\": \"2019-01-30T13:05:40.537Z\", \"latest_revision_created_at\": \"2019-01-30T13:05:40.511Z\", \"live_revision\": 17, \"date\": \"2019-01-30\", \"intro_fr\": \"Soin du visage\", \"intro_it\": \"Cura del viso\", \"body_fr\": \"<p>Votre beaut\\u00e9 s\\u2019exprime \\u00e0 travers l\\u2019\\u00e9tat de votre peau. Notre peau a besoin de protection, d\\u2019hydratation et d\\u2019apaisement pour rayonner de jour en jour.</p><p><a href=\\\"http://vanesthetique.angel-belando.fr\\\">Voir les tarifs</a></p>\", \"body_it\": \"<p>La tua bellezza si esprime attraverso le condizioni della tua pelle. La nostra pelle ha bisogno di protezione, idratazione e lenitivo per irradiare giorno per giorno.</p><p><a href=\\\"http://vanesthetique.angel-belando.fr/\\\">Vedere i prezzi</a></p>\", \"gallery_images\": [{\"pk\": null, \"sort_order\": 0, \"page\": 4, \"image\": 9, \"caption\": \"\"}, {\"pk\": 7, \"sort_order\": 1, \"page\": 4, \"image\": 7, \"caption\": \"\"}, {\"pk\": 1, \"sort_order\": 2, \"page\": 4, \"image\": 1, \"caption\": \"\"}]}", "approved_go_live_at": null}}, {"model": "wagtailcore.pagerevision", "pk": 19, "fields": {"page": 4, "submitted_for_moderation": false, "created_at": "2019-01-30T13:12:21.189Z", "user": 1, "content_json": "{\"pk\": 4, \"path\": \"0001000100010001\", \"depth\": 4, \"numchild\": 0, \"title\": \"Soin du visage\", \"draft_title\": \"Soin du visage\", \"slug\": \"soin-du-visage\", \"content_type\": 16, \"live\": true, \"has_unpublished_changes\": false, \"url_path\": \"/home/blog/soin-du-visage/\", \"owner\": 1, \"seo_title\": \"\", \"show_in_menus\": false, \"search_description\": \"\", \"go_live_at\": null, \"expire_at\": null, \"expired\": false, \"locked\": false, \"first_published_at\": \"2019-01-30T11:09:43.103Z\", \"last_published_at\": \"2019-01-30T13:11:22.125Z\", \"latest_revision_created_at\": \"2019-01-30T13:11:22.086Z\", \"live_revision\": 18, \"date\": \"2019-01-30\", \"intro_fr\": \"Soin du visage\", \"intro_it\": \"Cura del viso\", \"body_fr\": \"<p>Votre beaut\\u00e9 s\\u2019exprime \\u00e0 travers l\\u2019\\u00e9tat de votre peau. Notre peau a besoin de protection, d\\u2019hydratation et d\\u2019apaisement pour rayonner de jour en jour.</p><p><a href=\\\"http://vanesthetique.angel-belando.fr\\\">Voir les tarifs</a></p>\", \"body_it\": \"<p>La tua bellezza si esprime attraverso le condizioni della tua pelle. La nostra pelle ha bisogno di protezione, idratazione e lenitivo per irradiare giorno per giorno.</p><p><a href=\\\"http://vanesthetique.angel-belando.fr/\\\">Vedere i prezzi</a></p>\", \"gallery_images\": [{\"pk\": 9, \"sort_order\": 0, \"page\": 4, \"image\": 9, \"caption\": \"\"}]}", "approved_go_live_at": null}}, {"model": "wagtailcore.pagerevision", "pk": 20, "fields": {"page": 3, "submitted_for_moderation": false, "created_at": "2019-01-30T13:27:41.776Z", "user": 1, "content_json": "{\"pk\": 3, \"path\": \"000100010001\", \"depth\": 3, \"numchild\": 3, \"title\": \"BLOG VANESSA Esth\\u00e9tique\", \"draft_title\": \"BLOG VANESSA\", \"slug\": \"blog\", \"content_type\": 15, \"live\": true, \"has_unpublished_changes\": false, \"url_path\": \"/home/blog/\", \"owner\": 1, \"seo_title\": \"\", \"show_in_menus\": false, \"search_description\": \"\", \"go_live_at\": null, \"expire_at\": null, \"expired\": false, \"locked\": false, \"first_published_at\": \"2019-01-30T11:06:03.368Z\", \"last_published_at\": \"2019-01-30T11:06:03.368Z\", \"latest_revision_created_at\": \"2019-01-30T11:06:03.345Z\", \"live_revision\": 1, \"intro\": \"<p></p>\", \"body\": \"<p></p>\"}", "approved_go_live_at": null}}, {"model": "wagtailcore.pagerevision", "pk": 21, "fields": {"page": 2, "submitted_for_moderation": false, "created_at": "2019-01-30T13:28:09.790Z", "user": 1, "content_json": "{\"pk\": 2, \"path\": \"00010001\", \"depth\": 2, \"numchild\": 1, \"title\": \"Site Van'Esth\\u00e9tique\", \"draft_title\": \"Welcome to your new Wagtail site!\", \"slug\": \"home\", \"content_type\": 1, \"live\": true, \"has_unpublished_changes\": false, \"url_path\": \"/home/\", \"owner\": null, \"seo_title\": \"\", \"show_in_menus\": false, \"search_description\": \"\", \"go_live_at\": null, \"expire_at\": null, \"expired\": false, \"locked\": false, \"first_published_at\": null, \"last_published_at\": null, \"latest_revision_created_at\": null, \"live_revision\": null}", "approved_go_live_at": null}}, {"model": "wagtailcore.pagerevision", "pk": 22, "fields": {"page": 5, "submitted_for_moderation": false, "created_at": "2019-01-31T10:31:43.596Z", "user": 1, "content_json": "{\"pk\": 5, \"path\": \"0001000100010002\", \"depth\": 4, \"numchild\": 0, \"title\": \"Soins des mains et des pieds\", \"draft_title\": \"Soins des mains et des pieds\", \"slug\": \"soins-des-mains-et-des-pieds\", \"content_type\": 16, \"live\": true, \"has_unpublished_changes\": false, \"url_path\": \"/home/blog/soins-des-mains-et-des-pieds/\", \"owner\": 1, \"seo_title\": \"\", \"show_in_menus\": false, \"search_description\": \"\", \"go_live_at\": null, \"expire_at\": null, \"expired\": false, \"locked\": false, \"first_published_at\": \"2019-01-30T11:17:26.750Z\", \"last_published_at\": \"2019-01-30T11:21:53.046Z\", \"latest_revision_created_at\": \"2019-01-30T11:21:53.014Z\", \"live_revision\": 10, \"date\": \"2019-01-30\", \"intro_fr\": \"Soins des mains et des pieds\", \"intro_it\": \"Cura delle mani e dei piedi\", \"body_fr\": \"<p>Pour des mains parfaites et des pieds impeccables, votre esth\\u00e9ticienne vous propose diff\\u00e9rents soins.</p><p><a href=\\\"http://vanesthetique.angel-belando.fr/\\\">Voir les tarifs</a></p>\", \"body_it\": \"<p>Per mani perfette e piedi impeccabili, la tua estetista offre vari trattamenti.</p><p><a href=\\\"http://vanesthetique.angel-belando.fr/\\\">Vedere i prezzi</a></p>\", \"gallery_images\": [{\"pk\": 4, \"sort_order\": 0, \"page\": 5, \"image\": 4, \"caption\": \"\"}, {\"pk\": 3, \"sort_order\": 1, \"page\": 5, \"image\": 3, \"caption\": \"\"}]}", "approved_go_live_at": null}}, {"model": "wagtailcore.pagerevision", "pk": 23, "fields": {"page": 3, "submitted_for_moderation": false, "created_at": "2019-01-31T19:49:29.842Z", "user": 1, "content_json": "{\"pk\": 3, \"path\": \"000100010001\", \"depth\": 3, \"numchild\": 3, \"title\": \"BLOG VANESSA Esth\\u00e9tique\", \"draft_title\": \"BLOG VANESSA Esth\\u00e9tique\", \"slug\": \"blog\", \"content_type\": 15, \"live\": true, \"has_unpublished_changes\": false, \"url_path\": \"/home/blog/\", \"owner\": 1, \"seo_title\": \"\", \"show_in_menus\": false, \"search_description\": \"\", \"go_live_at\": null, \"expire_at\": null, \"expired\": false, \"locked\": false, \"first_published_at\": \"2019-01-30T11:06:03.368Z\", \"last_published_at\": \"2019-01-30T13:27:41.801Z\", \"latest_revision_created_at\": \"2019-01-30T13:27:41.776Z\", \"live_revision\": 20, \"intro\": \"<p>Esth\\u00e9ticienne dipl\\u00f4m\\u00e9e, je vous re\\u00e7ois \\u00e0 mon domicile. </p>\", \"body\": \"<p></p>\"}", "approved_go_live_at": null}}, {"model": "wagtailcore.pagerevision", "pk": 24, "fields": {"page": 3, "submitted_for_moderation": false, "created_at": "2019-02-02T21:30:27.159Z", "user": 1, "content_json": "{\"pk\": 3, \"path\": \"000100010001\", \"depth\": 3, \"numchild\": 3, \"title\": \"BLOG VAN' Esth\\u00e9tique\", \"draft_title\": \"BLOG VANESSA Esth\\u00e9tique\", \"slug\": \"blog\", \"content_type\": 15, \"live\": true, \"has_unpublished_changes\": true, \"url_path\": \"/home/blog/\", \"owner\": 1, \"seo_title\": \"\", \"show_in_menus\": false, \"search_description\": \"\", \"go_live_at\": null, \"expire_at\": null, \"expired\": false, \"locked\": false, \"first_published_at\": \"2019-01-30T11:06:03.368Z\", \"last_published_at\": \"2019-01-30T13:27:41.801Z\", \"latest_revision_created_at\": \"2019-01-31T19:49:29.842Z\", \"live_revision\": 20, \"intro\": \"<p>Esth\\u00e9ticienne dipl\\u00f4m\\u00e9e, je vous re\\u00e7ois \\u00e0 mon domicile \\u00e0 Beausoleil.</p>\", \"body\": \"<p></p>\"}", "approved_go_live_at": null}}, {"model": "wagtailcore.pagerevision", "pk": 25, "fields": {"page": 3, "submitted_for_moderation": false, "created_at": "2019-02-02T21:32:26.749Z", "user": 1, "content_json": "{\"pk\": 3, \"path\": \"000100010001\", \"depth\": 3, \"numchild\": 3, \"title\": \"BLOG Van' Esth\\u00e9tique\", \"draft_title\": \"BLOG VAN' Esth\\u00e9tique\", \"slug\": \"blog\", \"content_type\": 15, \"live\": true, \"has_unpublished_changes\": true, \"url_path\": \"/home/blog/\", \"owner\": 1, \"seo_title\": \"\", \"show_in_menus\": false, \"search_description\": \"\", \"go_live_at\": null, \"expire_at\": null, \"expired\": false, \"locked\": false, \"first_published_at\": \"2019-01-30T11:06:03.368Z\", \"last_published_at\": \"2019-01-30T13:27:41.801Z\", \"latest_revision_created_at\": \"2019-02-02T21:30:27.159Z\", \"live_revision\": 20, \"intro\": \"<p>Esth\\u00e9ticienne dipl\\u00f4m\\u00e9e, je vous re\\u00e7ois \\u00e0 mon domicile \\u00e0 Beausoleil.</p>\", \"body\": \"<p></p>\"}", "approved_go_live_at": null}}, {"model": "wagtailcore.pagerevision", "pk": 26, "fields": {"page": 5, "submitted_for_moderation": false, "created_at": "2019-02-05T13:04:37.175Z", "user": 1, "content_json": "{\"pk\": 5, \"path\": \"0001000100010002\", \"depth\": 4, \"numchild\": 0, \"title\": \"Soins des mains et des pieds\", \"draft_title\": \"Soins des mains et des pieds\", \"slug\": \"soins-des-mains-et-des-pieds\", \"content_type\": 16, \"live\": true, \"has_unpublished_changes\": false, \"url_path\": \"/home/blog/soins-des-mains-et-des-pieds/\", \"owner\": 1, \"seo_title\": \"\", \"show_in_menus\": false, \"search_description\": \"\", \"go_live_at\": null, \"expire_at\": null, \"expired\": false, \"locked\": false, \"first_published_at\": \"2019-01-30T11:17:26.750Z\", \"last_published_at\": \"2019-01-31T10:31:43.624Z\", \"latest_revision_created_at\": \"2019-01-31T10:31:43.596Z\", \"live_revision\": 22, \"date\": \"2019-01-30\", \"intro_fr\": \"Soins des mains et des pieds\", \"intro_it\": \"Cura delle mani e dei piedi\", \"body_fr\": \"<p>Pour des mains parfaites et des pieds impeccables, votre esth\\u00e9ticienne vous propose diff\\u00e9rents soins.</p><p><a href=\\\"http://vanesthetique.angel-belando.fr/\\\">Voir les tarifs</a></p>\", \"body_it\": \"<p>Per mani perfette e piedi impeccabili, la tua estetista offre vari trattamenti.</p><p><a href=\\\"http://vanesthetique.angel-belando.fr/\\\">Vedere i prezzi</a></p>\", \"gallery_images\": [{\"pk\": 4, \"sort_order\": 0, \"page\": 5, \"image\": 4, \"caption\": \"\"}, {\"pk\": 3, \"sort_order\": 1, \"page\": 5, \"image\": 3, \"caption\": \"\"}, {\"pk\": null, \"sort_order\": 2, \"page\": 5, \"image\": 11, \"caption\": \"\"}]}", "approved_go_live_at": null}}, {"model": "wagtailcore.pagerevision", "pk": 27, "fields": {"page": 5, "submitted_for_moderation": false, "created_at": "2019-02-08T15:49:05.761Z", "user": 1, "content_json": "{\"pk\": 5, \"path\": \"0001000100010002\", \"depth\": 4, \"numchild\": 0, \"title\": \"Soins des pieds\", \"draft_title\": \"Soins des mains et des pieds\", \"slug\": \"soins-des-mains-et-des-pieds\", \"content_type\": 16, \"live\": true, \"has_unpublished_changes\": false, \"url_path\": \"/home/blog/soins-des-mains-et-des-pieds/\", \"owner\": 1, \"seo_title\": \"\", \"show_in_menus\": false, \"search_description\": \"\", \"go_live_at\": null, \"expire_at\": null, \"expired\": false, \"locked\": false, \"first_published_at\": \"2019-01-30T11:17:26.750Z\", \"last_published_at\": \"2019-02-05T13:04:37.213Z\", \"latest_revision_created_at\": \"2019-02-05T13:04:37.175Z\", \"live_revision\": 26, \"date\": \"2019-01-30\", \"intro_fr\": \"Soin des pieds\", \"intro_it\": \"Cura dei piedi\", \"body_fr\": \"<p>N&#x27; attendez plus l&#x27; \\u00e9t\\u00e9 pour soigner vos pieds, de jolis pieds s&#x27; entretiennent toute l&#x27; ann\\u00e9e ! Les pieds nous portent tous les jours de l&#x27; ann\\u00e9e, il est donc important d&#x27; en prendre soin, les chouchouter mais aussi de les soigner !</p><p>Je vous propose une beaut\\u00e9 des pieds compl\\u00e8te avec : sels de bains, gommage, cr\\u00e8me, modelage, entretien des ongles, corne, cor et peaux mortes.</p><p><a href=\\\"http://vanesthetique.angel-belando.fr/\\\">Voir les tarifs</a></p>\", \"body_it\": \"<p>Per mani perfette e piedi impeccabili, la tua estetista offre vari trattamenti.</p><p><a href=\\\"http://vanesthetique.angel-belando.fr/\\\">Vedere i prezzi</a></p>\", \"gallery_images\": [{\"pk\": 4, \"sort_order\": 0, \"page\": 5, \"image\": 4, \"caption\": \"\"}]}", "approved_go_live_at": null}}, {"model": "wagtailcore.pagerevision", "pk": 28, "fields": {"page": 4, "submitted_for_moderation": false, "created_at": "2019-02-08T16:07:05.348Z", "user": 1, "content_json": "{\"pk\": 4, \"path\": \"0001000100010001\", \"depth\": 4, \"numchild\": 0, \"title\": \"Soin du visage\", \"draft_title\": \"Soin du visage\", \"slug\": \"soin-du-visage\", \"content_type\": 16, \"live\": true, \"has_unpublished_changes\": false, \"url_path\": \"/home/blog/soin-du-visage/\", \"owner\": 1, \"seo_title\": \"\", \"show_in_menus\": false, \"search_description\": \"\", \"go_live_at\": null, \"expire_at\": null, \"expired\": false, \"locked\": false, \"first_published_at\": \"2019-01-30T11:09:43.103Z\", \"last_published_at\": \"2019-01-30T13:12:21.213Z\", \"latest_revision_created_at\": \"2019-01-30T13:12:21.189Z\", \"live_revision\": 19, \"date\": \"2019-01-30\", \"intro_fr\": \"Soin complet avec des produits de qualit\\u00e9 et des appareils sp\\u00e9cifiques adapt\\u00e9s \\u00e0 chaque type de peau.\", \"intro_it\": \"Cura del viso\", \"body_fr\": \"<p>Votre beaut\\u00e9 s\\u2019exprime \\u00e0 travers l\\u2019\\u00e9tat de votre peau. Notre peau a besoin de protection, d\\u2019hydratation et d\\u2019apaisement pour rayonner de jour en jour.</p><p><a href=\\\"http://vanesthetique.angel-belando.fr\\\">Voir les tarifs</a></p>\", \"body_it\": \"<p>La tua bellezza si esprime attraverso le condizioni della tua pelle. La nostra pelle ha bisogno di protezione, idratazione e lenitivo per irradiare giorno per giorno.</p><p><a href=\\\"http://vanesthetique.angel-belando.fr/\\\">Vedere i prezzi</a></p>\", \"gallery_images\": [{\"pk\": 9, \"sort_order\": 0, \"page\": 4, \"image\": 9, \"caption\": \"\"}]}", "approved_go_live_at": null}}, {"model": "wagtailcore.pagerevision", "pk": 29, "fields": {"page": 4, "submitted_for_moderation": false, "created_at": "2019-02-08T16:07:11.797Z", "user": 1, "content_json": "{\"pk\": 4, \"path\": \"0001000100010001\", \"depth\": 4, \"numchild\": 0, \"title\": \"Soin du visage\", \"draft_title\": \"Soin du visage\", \"slug\": \"soin-du-visage\", \"content_type\": 16, \"live\": true, \"has_unpublished_changes\": true, \"url_path\": \"/home/blog/soin-du-visage/\", \"owner\": 1, \"seo_title\": \"\", \"show_in_menus\": false, \"search_description\": \"\", \"go_live_at\": null, \"expire_at\": null, \"expired\": false, \"locked\": false, \"first_published_at\": \"2019-01-30T11:09:43.103Z\", \"last_published_at\": \"2019-01-30T13:12:21.213Z\", \"latest_revision_created_at\": \"2019-02-08T16:07:05.348Z\", \"live_revision\": 19, \"date\": \"2019-01-30\", \"intro_fr\": \"Soin complet avec des produits de qualit\\u00e9 et des appareils sp\\u00e9cifiques adapt\\u00e9s \\u00e0 chaque type de peau.\", \"intro_it\": \"Cura del viso\", \"body_fr\": \"<p>Votre beaut\\u00e9 s\\u2019exprime \\u00e0 travers l\\u2019\\u00e9tat de votre peau. Notre peau a besoin de protection, d\\u2019hydratation et d\\u2019apaisement pour rayonner de jour en jour.</p><p><a href=\\\"http://vanesthetique.angel-belando.fr\\\">Voir les tarifs</a></p>\", \"body_it\": \"<p>La tua bellezza si esprime attraverso le condizioni della tua pelle. La nostra pelle ha bisogno di protezione, idratazione e lenitivo per irradiare giorno per giorno.</p><p><a href=\\\"http://vanesthetique.angel-belando.fr/\\\">Vedere i prezzi</a></p>\", \"gallery_images\": [{\"pk\": 9, \"sort_order\": 0, \"page\": null, \"image\": 9, \"caption\": \"\"}]}", "approved_go_live_at": null}}, {"model": "wagtailcore.pagerevision", "pk": 30, "fields": {"page": 4, "submitted_for_moderation": false, "created_at": "2019-02-08T16:26:11.309Z", "user": 1, "content_json": "{\"pk\": 4, \"path\": \"0001000100010001\", \"depth\": 4, \"numchild\": 0, \"title\": \"Soin du visage\", \"draft_title\": \"Soin du visage\", \"slug\": \"soin-du-visage\", \"content_type\": 16, \"live\": true, \"has_unpublished_changes\": true, \"url_path\": \"/home/blog/soin-du-visage/\", \"owner\": 1, \"seo_title\": \"\", \"show_in_menus\": false, \"search_description\": \"\", \"go_live_at\": null, \"expire_at\": null, \"expired\": false, \"locked\": false, \"first_published_at\": \"2019-01-30T11:09:43.103Z\", \"last_published_at\": \"2019-01-30T13:12:21.213Z\", \"latest_revision_created_at\": \"2019-02-08T16:07:11.797Z\", \"live_revision\": 19, \"date\": \"2019-01-30\", \"intro_fr\": \"Soin du visage\", \"intro_it\": \"Cura del viso\", \"body_fr\": \"<p>Soin du visage intensif </p><p>Soin complet avec des produits de qualit\\u00e9 et des appareils sp\\u00e9cifiques pour chaque type de peau.</p><p>OFFERT : entretien des sourcils </p><p>Plus d&#x27; une heure de d\\u00e9tente avec bougies parfum\\u00e9es, musique de relaxation pour vous permettre de l\\u00e2cher prise et de profiter d&#x27; un moment de bien \\u00eatre. </p><p>&quot; Votre beaut\\u00e9 s\\u2019exprime \\u00e0 travers l\\u2019\\u00e9tat de votre peau &quot;.</p><p><a href=\\\"http://vanesthetique.angel-belando.fr\\\">Voir les tarifs</a></p>\", \"body_it\": \"<p>Trattamento viso intensivo</p><p>Trattamento completo con prodotti di qualit\\u00e0 adatti a tutti tipi di pelle</p><p>Pi\\u00f9 di un ora e mezzo con candele profumate, musica di rilasazione per procurarvi un intenso momento di benessere</p><p></p><p>La tua bellezza si esprime attraverso le condizioni della tua pelle. La nostra pelle ha bisogno di protezione, idratazione e lenitivo per irradiare giorno per giorno.</p><p><a href=\\\"http://vanesthetique.angel-belando.fr/\\\">Vedere i prezzi</a></p>\", \"gallery_images\": [{\"pk\": 9, \"sort_order\": 0, \"page\": null, \"image\": 9, \"caption\": \"\"}]}", "approved_go_live_at": null}}, {"model": "wagtailcore.pagerevision", "pk": 31, "fields": {"page": 6, "submitted_for_moderation": false, "created_at": "2019-02-08T16:27:29.325Z", "user": 1, "content_json": "{\"pk\": 6, \"path\": \"0001000100010003\", \"depth\": 4, \"numchild\": 0, \"title\": \"Epilations\", \"draft_title\": \"Epilations\", \"slug\": \"epilations\", \"content_type\": 16, \"live\": true, \"has_unpublished_changes\": false, \"url_path\": \"/home/blog/epilations/\", \"owner\": 1, \"seo_title\": \"\", \"show_in_menus\": false, \"search_description\": \"\", \"go_live_at\": null, \"expire_at\": null, \"expired\": false, \"locked\": false, \"first_published_at\": \"2019-01-30T11:20:07.641Z\", \"last_published_at\": \"2019-01-30T11:23:16.953Z\", \"latest_revision_created_at\": \"2019-01-30T11:23:16.928Z\", \"live_revision\": 11, \"date\": \"2019-01-30\", \"intro_fr\": \"Epilations\", \"intro_it\": \"Ceretta\", \"body_fr\": \"<p>Pour une peau douce et parfaitement \\u00e9pil\\u00e9e, votre esth\\u00e9ticienne vous conseille l\\u2019\\u00e9pilation \\u00e0 la cire traditionnelle.</p><p><a href=\\\"http://vanesthetique.angel-belando.fr/\\\">Voir les tarifs</a></p>\", \"body_it\": \"<p>Per una pelle morbida e perfettamente rasata, la tua estetista ti consiglia di cerare con la cera tradizionale.</p><p><a href=\\\"http://vanesthetique.angel-belando.fr/\\\">Vedere i prezzi</a></p>\", \"gallery_images\": [{\"pk\": null, \"sort_order\": 0, \"page\": 6, \"image\": 5, \"caption\": \"\"}]}", "approved_go_live_at": null}}, {"model": "wagtailcore.pagerevision", "pk": 32, "fields": {"page": 3, "submitted_for_moderation": false, "created_at": "2019-02-08T16:31:41.476Z", "user": 1, "content_json": "{\"pk\": 3, \"path\": \"000100010001\", \"depth\": 3, \"numchild\": 3, \"title\": \"BLOG Van' Esth\\u00e9tique\", \"draft_title\": \"BLOG Van' Esth\\u00e9tique\", \"slug\": \"blog\", \"content_type\": 15, \"live\": true, \"has_unpublished_changes\": true, \"url_path\": \"/home/blog/\", \"owner\": 1, \"seo_title\": \"\", \"show_in_menus\": false, \"search_description\": \"\", \"go_live_at\": null, \"expire_at\": null, \"expired\": false, \"locked\": false, \"first_published_at\": \"2019-01-30T11:06:03.368Z\", \"last_published_at\": \"2019-01-30T13:27:41.801Z\", \"latest_revision_created_at\": \"2019-02-02T21:32:26.749Z\", \"live_revision\": 20, \"intro\": \"<p>Esth\\u00e9ticienne dipl\\u00f4m\\u00e9e, je vous re\\u00e7ois \\u00e0 mon domicile \\u00e0 Beausoleil.</p>\", \"body\": \"<p></p>\"}", "approved_go_live_at": null}}, {"model": "wagtailcore.pagerevision", "pk": 33, "fields": {"page": 2, "submitted_for_moderation": false, "created_at": "2019-02-08T16:32:20.458Z", "user": 1, "content_json": "{\"pk\": 2, \"path\": \"00010001\", \"depth\": 2, \"numchild\": 1, \"title\": \"Romy Beauty\", \"draft_title\": \"Site Van'Esth\\u00e9tique\", \"slug\": \"home\", \"content_type\": 1, \"live\": true, \"has_unpublished_changes\": false, \"url_path\": \"/home/\", \"owner\": null, \"seo_title\": \"\", \"show_in_menus\": false, \"search_description\": \"\", \"go_live_at\": null, \"expire_at\": null, \"expired\": false, \"locked\": false, \"first_published_at\": \"2019-01-30T13:28:09.806Z\", \"last_published_at\": \"2019-01-30T13:28:09.806Z\", \"latest_revision_created_at\": \"2019-01-30T13:28:09.790Z\", \"live_revision\": 21}", "approved_go_live_at": null}}, {"model": "wagtailcore.pagerevision", "pk": 34, "fields": {"page": 3, "submitted_for_moderation": false, "created_at": "2019-02-08T16:33:12.056Z", "user": 1, "content_json": "{\"pk\": 3, \"path\": \"000100010001\", \"depth\": 3, \"numchild\": 3, \"title\": \"BLOG Romy Beauty\", \"draft_title\": \"BLOG Van' Esth\\u00e9tique\", \"slug\": \"blog\", \"content_type\": 15, \"live\": true, \"has_unpublished_changes\": true, \"url_path\": \"/home/blog/\", \"owner\": 1, \"seo_title\": \"\", \"show_in_menus\": false, \"search_description\": \"\", \"go_live_at\": null, \"expire_at\": null, \"expired\": false, \"locked\": false, \"first_published_at\": \"2019-01-30T11:06:03.368Z\", \"last_published_at\": \"2019-01-30T13:27:41.801Z\", \"latest_revision_created_at\": \"2019-02-08T16:31:41.476Z\", \"live_revision\": 20, \"intro\": \"<p>Esth\\u00e9ticienne dipl\\u00f4m\\u00e9e, je vous re\\u00e7ois \\u00e0 mon domicile \\u00e0 Beausoleil.</p>\", \"body\": \"<p></p>\"}", "approved_go_live_at": null}}, {"model": "wagtailcore.pagerevision", "pk": 35, "fields": {"page": 4, "submitted_for_moderation": false, "created_at": "2019-02-08T16:33:30.787Z", "user": 1, "content_json": "{\"pk\": 4, \"path\": \"0001000100010001\", \"depth\": 4, \"numchild\": 0, \"title\": \"Soin du visage\", \"draft_title\": \"Soin du visage\", \"slug\": \"soin-du-visage\", \"content_type\": 16, \"live\": true, \"has_unpublished_changes\": true, \"url_path\": \"/home/blog/soin-du-visage/\", \"owner\": 1, \"seo_title\": \"\", \"show_in_menus\": false, \"search_description\": \"\", \"go_live_at\": null, \"expire_at\": null, \"expired\": false, \"locked\": false, \"first_published_at\": \"2019-01-30T11:09:43.103Z\", \"last_published_at\": \"2019-01-30T13:12:21.213Z\", \"latest_revision_created_at\": \"2019-02-08T16:26:11.309Z\", \"live_revision\": 19, \"date\": \"2019-01-30\", \"intro_fr\": \"Soin du visage\", \"intro_it\": \"Cura del viso\", \"body_fr\": \"<p>Soin du visage intensif</p><p>Soin complet avec des produits de qualit\\u00e9 et des appareils sp\\u00e9cifiques pour chaque type de peau.</p><p>OFFERT : entretien des sourcils</p><p>Plus d&#x27; une heure de d\\u00e9tente avec bougies parfum\\u00e9es, musique de relaxation pour vous permettre de l\\u00e2cher prise et de profiter d&#x27; un moment de bien \\u00eatre.</p><p>&quot; Votre beaut\\u00e9 s\\u2019exprime \\u00e0 travers l\\u2019\\u00e9tat de votre peau &quot;.</p><p><a href=\\\"http://vanesthetique.angel-belando.fr\\\">Voir les tarifs</a></p>\", \"body_it\": \"<p>Trattamento viso intensivo</p><p>Trattamento completo con prodotti di qualit\\u00e0 adatti a tutti tipi di pelle</p><p>Pi\\u00f9 di un ora e mezzo con candele profumate, musica di rilasazione per procurarvi un intenso momento di benessere</p><p></p><p>La tua bellezza si esprime attraverso le condizioni della tua pelle. La nostra pelle ha bisogno di protezione, idratazione e lenitivo per irradiare giorno per giorno.</p><p><a href=\\\"http://vanesthetique.angel-belando.fr/\\\">Vedere i prezzi</a></p>\", \"gallery_images\": [{\"pk\": 9, \"sort_order\": 0, \"page\": null, \"image\": 9, \"caption\": \"\"}]}", "approved_go_live_at": null}}, {"model": "wagtailcore.pagerevision", "pk": 36, "fields": {"page": 3, "submitted_for_moderation": false, "created_at": "2019-02-08T16:38:23.867Z", "user": 1, "content_json": "{\"pk\": 3, \"path\": \"000100010001\", \"depth\": 3, \"numchild\": 3, \"title\": \"BLOG Romy Beauty\", \"draft_title\": \"BLOG Romy Beauty\", \"slug\": \"blog\", \"content_type\": 15, \"live\": true, \"has_unpublished_changes\": true, \"url_path\": \"/home/blog/\", \"owner\": 1, \"seo_title\": \"\", \"show_in_menus\": false, \"search_description\": \"\", \"go_live_at\": null, \"expire_at\": null, \"expired\": false, \"locked\": false, \"first_published_at\": \"2019-01-30T11:06:03.368Z\", \"last_published_at\": \"2019-01-30T13:27:41.801Z\", \"latest_revision_created_at\": \"2019-02-08T16:33:12.056Z\", \"live_revision\": 20, \"intro\": \"<p>Esth\\u00e9ticienne dipl\\u00f4m\\u00e9e, je vous re\\u00e7ois sur rendez vous uniquement \\u00e0 Beausoleil</p>\", \"body\": \"<p></p>\"}", "approved_go_live_at": null}}, {"model": "wagtailcore.pagerevision", "pk": 37, "fields": {"page": 3, "submitted_for_moderation": false, "created_at": "2019-02-08T16:38:28.925Z", "user": 1, "content_json": "{\"pk\": 3, \"path\": \"000100010001\", \"depth\": 3, \"numchild\": 3, \"title\": \"BLOG Romy Beauty\", \"draft_title\": \"BLOG Romy Beauty\", \"slug\": \"blog\", \"content_type\": 15, \"live\": true, \"has_unpublished_changes\": true, \"url_path\": \"/home/blog/\", \"owner\": 1, \"seo_title\": \"\", \"show_in_menus\": false, \"search_description\": \"\", \"go_live_at\": null, \"expire_at\": null, \"expired\": false, \"locked\": false, \"first_published_at\": \"2019-01-30T11:06:03.368Z\", \"last_published_at\": \"2019-01-30T13:27:41.801Z\", \"latest_revision_created_at\": \"2019-02-08T16:38:23.867Z\", \"live_revision\": 20, \"intro\": \"<p>Esth\\u00e9ticienne dipl\\u00f4m\\u00e9e, je vous re\\u00e7ois sur rendez vous uniquement \\u00e0 Beausoleil</p>\", \"body\": \"<p></p>\"}", "approved_go_live_at": null}}, {"model": "wagtailcore.pagerevision", "pk": 38, "fields": {"page": 6, "submitted_for_moderation": false, "created_at": "2019-02-08T16:42:01.788Z", "user": 1, "content_json": "{\"pk\": 6, \"path\": \"0001000100010003\", \"depth\": 4, \"numchild\": 0, \"title\": \"Epilations\", \"draft_title\": \"Epilations\", \"slug\": \"epilations\", \"content_type\": 16, \"live\": true, \"has_unpublished_changes\": true, \"url_path\": \"/home/blog/epilations/\", \"owner\": 1, \"seo_title\": \"\", \"show_in_menus\": false, \"search_description\": \"\", \"go_live_at\": null, \"expire_at\": null, \"expired\": false, \"locked\": false, \"first_published_at\": \"2019-01-30T11:20:07.641Z\", \"last_published_at\": \"2019-01-30T11:23:16.953Z\", \"latest_revision_created_at\": \"2019-02-08T16:27:29.325Z\", \"live_revision\": 11, \"date\": \"2019-01-30\", \"intro_fr\": \"Epilations\", \"intro_it\": \"Depilazione\", \"body_fr\": \"<p>Pour une peau douce et parfaitement \\u00e9pil\\u00e9e, votre esth\\u00e9ticienne vous conseille l\\u2019\\u00e9pilation \\u00e0 la cire traditionnelle.</p><p><a href=\\\"http://vanesthetique.angel-belando.fr/\\\">Voir les tarifs</a></p>\", \"body_it\": \"<p>Per una pelle morbida e perfettamente rasata, la tua estetista ti consiglia di cerare con la cera tradizionale.</p><p><a href=\\\"http://vanesthetique.angel-belando.fr/\\\">Vedere i prezzi</a></p>\", \"gallery_images\": [{\"pk\": null, \"sort_order\": 0, \"page\": 6, \"image\": 5, \"caption\": \"\"}]}", "approved_go_live_at": null}}, {"model": "wagtailcore.pagerevision", "pk": 39, "fields": {"page": 6, "submitted_for_moderation": false, "created_at": "2019-02-08T16:42:10.457Z", "user": 1, "content_json": "{\"pk\": 6, \"path\": \"0001000100010003\", \"depth\": 4, \"numchild\": 0, \"title\": \"Epilations\", \"draft_title\": \"Epilations\", \"slug\": \"epilations\", \"content_type\": 16, \"live\": true, \"has_unpublished_changes\": true, \"url_path\": \"/home/blog/epilations/\", \"owner\": 1, \"seo_title\": \"\", \"show_in_menus\": false, \"search_description\": \"\", \"go_live_at\": null, \"expire_at\": null, \"expired\": false, \"locked\": false, \"first_published_at\": \"2019-01-30T11:20:07.641Z\", \"last_published_at\": \"2019-01-30T11:23:16.953Z\", \"latest_revision_created_at\": \"2019-02-08T16:42:01.788Z\", \"live_revision\": 11, \"date\": \"2019-01-30\", \"intro_fr\": \"Epilations\", \"intro_it\": \"Depilazione\", \"body_fr\": \"<p>Pour une peau douce et parfaitement \\u00e9pil\\u00e9e, votre esth\\u00e9ticienne vous conseille l\\u2019\\u00e9pilation \\u00e0 la cire traditionnelle.</p><p><a href=\\\"http://vanesthetique.angel-belando.fr/\\\">Voir les tarifs</a></p>\", \"body_it\": \"<p>Per una pelle morbida e perfettamente rasata, la tua estetista ti consiglia di cerare con la cera tradizionale.</p><p><a href=\\\"http://vanesthetique.angel-belando.fr/\\\">Vedere i prezzi</a></p>\", \"gallery_images\": [{\"pk\": null, \"sort_order\": 0, \"page\": 6, \"image\": 5, \"caption\": \"\"}]}", "approved_go_live_at": null}}, {"model": "wagtailcore.pagerevision", "pk": 40, "fields": {"page": 5, "submitted_for_moderation": false, "created_at": "2019-02-08T16:43:05.734Z", "user": 1, "content_json": "{\"pk\": 5, \"path\": \"0001000100010002\", \"depth\": 4, \"numchild\": 0, \"title\": \"Soins des pieds\", \"draft_title\": \"Soins des pieds\", \"slug\": \"soins-des-mains-et-des-pieds\", \"content_type\": 16, \"live\": true, \"has_unpublished_changes\": true, \"url_path\": \"/home/blog/soins-des-mains-et-des-pieds/\", \"owner\": 1, \"seo_title\": \"\", \"show_in_menus\": false, \"search_description\": \"\", \"go_live_at\": null, \"expire_at\": null, \"expired\": false, \"locked\": false, \"first_published_at\": \"2019-01-30T11:17:26.750Z\", \"last_published_at\": \"2019-02-05T13:04:37.213Z\", \"latest_revision_created_at\": \"2019-02-08T15:49:05.761Z\", \"live_revision\": 26, \"date\": \"2019-01-30\", \"intro_fr\": \"Soin des pieds\", \"intro_it\": \"Cura dei piedi\", \"body_fr\": \"<p>N&#x27; attendez plus l&#x27; \\u00e9t\\u00e9 pour soigner vos pieds, de jolis pieds s&#x27; entretiennent toute l&#x27; ann\\u00e9e ! Les pieds nous portent tous les jours de l&#x27; ann\\u00e9e, il est donc important d&#x27; en prendre soin, les chouchouter mais aussi de les soigner !</p><p>Je vous propose une beaut\\u00e9 des pieds compl\\u00e8te avec : sels de bains, gommage, cr\\u00e8me, modelage, entretien des ongles, corne, cor et peaux mortes.</p><p><a href=\\\"http://vanesthetique.angel-belando.fr/\\\">Voir les tarifs</a></p>\", \"body_it\": \"<p>Per mani perfette e piedi impeccabili, la tua estetista offre vari trattamenti.</p><p><a href=\\\"http://vanesthetique.angel-belando.fr/\\\">Vedere i prezzi</a></p>\", \"gallery_images\": [{\"pk\": 4, \"sort_order\": 0, \"page\": null, \"image\": 4, \"caption\": \"\"}]}", "approved_go_live_at": null}}, {"model": "wagtailcore.pagerevision", "pk": 41, "fields": {"page": 4, "submitted_for_moderation": false, "created_at": "2019-02-08T16:43:24.674Z", "user": 1, "content_json": "{\"pk\": 4, \"path\": \"0001000100010001\", \"depth\": 4, \"numchild\": 0, \"title\": \"Soin du visage\", \"draft_title\": \"Soin du visage\", \"slug\": \"soin-du-visage\", \"content_type\": 16, \"live\": true, \"has_unpublished_changes\": true, \"url_path\": \"/home/blog/soin-du-visage/\", \"owner\": 1, \"seo_title\": \"\", \"show_in_menus\": false, \"search_description\": \"\", \"go_live_at\": null, \"expire_at\": null, \"expired\": false, \"locked\": false, \"first_published_at\": \"2019-01-30T11:09:43.103Z\", \"last_published_at\": \"2019-01-30T13:12:21.213Z\", \"latest_revision_created_at\": \"2019-02-08T16:33:30.787Z\", \"live_revision\": 19, \"date\": \"2019-01-30\", \"intro_fr\": \"Soin du visage\", \"intro_it\": \"Cura del viso\", \"body_fr\": \"<p>Soin du visage intensif</p><p>Soin complet avec des produits de qualit\\u00e9 et des appareils sp\\u00e9cifiques pour chaque type de peau.</p><p>OFFERT : entretien des sourcils</p><p>Plus d&#x27; une heure de d\\u00e9tente avec bougies parfum\\u00e9es, musique de relaxation pour vous permettre de l\\u00e2cher prise et de profiter d&#x27; un moment de bien \\u00eatre.</p><p>&quot; Votre beaut\\u00e9 s\\u2019exprime \\u00e0 travers l\\u2019\\u00e9tat de votre peau &quot;.</p><p><a href=\\\"http://vanesthetique.angel-belando.fr\\\">Voir les tarifs</a></p>\", \"body_it\": \"<p>Trattamento viso intensivo</p><p>Trattamento completo con prodotti di qualit\\u00e0 adatti a tutti tipi di pelle</p><p>Pi\\u00f9 di un ora e mezzo con candele profumate, musica di rilasazione per procurarvi un intenso momento di benessere</p><p></p><p>La tua bellezza si esprime attraverso le condizioni della tua pelle. La nostra pelle ha bisogno di protezione, idratazione e lenitivo per irradiare giorno per giorno.</p><p><a href=\\\"http://vanesthetique.angel-belando.fr/\\\">Vedere i prezzi</a></p>\", \"gallery_images\": [{\"pk\": 9, \"sort_order\": 0, \"page\": null, \"image\": 9, \"caption\": \"\"}]}", "approved_go_live_at": null}}, {"model": "wagtailcore.pagerevision", "pk": 42, "fields": {"page": 4, "submitted_for_moderation": false, "created_at": "2019-02-08T16:43:30.225Z", "user": 1, "content_json": "{\"pk\": 4, \"path\": \"0001000100010001\", \"depth\": 4, \"numchild\": 0, \"title\": \"Soin du visage\", \"draft_title\": \"Soin du visage\", \"slug\": \"soin-du-visage\", \"content_type\": 16, \"live\": true, \"has_unpublished_changes\": true, \"url_path\": \"/home/blog/soin-du-visage/\", \"owner\": 1, \"seo_title\": \"\", \"show_in_menus\": false, \"search_description\": \"\", \"go_live_at\": null, \"expire_at\": null, \"expired\": false, \"locked\": false, \"first_published_at\": \"2019-01-30T11:09:43.103Z\", \"last_published_at\": \"2019-01-30T13:12:21.213Z\", \"latest_revision_created_at\": \"2019-02-08T16:43:24.674Z\", \"live_revision\": 19, \"date\": \"2019-01-30\", \"intro_fr\": \"Soin du visage\", \"intro_it\": \"Cura del viso\", \"body_fr\": \"<p>Soin du visage intensif</p><p>Soin complet avec des produits de qualit\\u00e9 et des appareils sp\\u00e9cifiques pour chaque type de peau.</p><p>OFFERT : entretien des sourcils</p><p>Plus d&#x27; une heure de d\\u00e9tente avec bougies parfum\\u00e9es, musique de relaxation pour vous permettre de l\\u00e2cher prise et de profiter d&#x27; un moment de bien \\u00eatre.</p><p>&quot; Votre beaut\\u00e9 s\\u2019exprime \\u00e0 travers l\\u2019\\u00e9tat de votre peau &quot;.</p><p><a href=\\\"http://vanesthetique.angel-belando.fr\\\">Voir les tarifs</a></p>\", \"body_it\": \"<p>Trattamento viso intensivo</p><p>Trattamento completo con prodotti di qualit\\u00e0 adatti a tutti tipi di pelle</p><p>Pi\\u00f9 di un ora e mezzo con candele profumate, musica di rilasazione per procurarvi un intenso momento di benessere</p><p></p><p>La tua bellezza si esprime attraverso le condizioni della tua pelle. La nostra pelle ha bisogno di protezione, idratazione e lenitivo per irradiare giorno per giorno.</p><p><a href=\\\"http://vanesthetique.angel-belando.fr/\\\">Vedere i prezzi</a></p>\", \"gallery_images\": [{\"pk\": 9, \"sort_order\": 0, \"page\": null, \"image\": 9, \"caption\": \"\"}]}", "approved_go_live_at": null}}, {"model": "wagtailcore.pagerevision", "pk": 43, "fields": {"page": 4, "submitted_for_moderation": false, "created_at": "2019-02-21T15:33:10.623Z", "user": 1, "content_json": "{\"pk\": 4, \"path\": \"0001000100010001\", \"depth\": 4, \"numchild\": 0, \"title\": \"Soin du visage\", \"draft_title\": \"Soin du visage\", \"slug\": \"soin-du-visage\", \"content_type\": 16, \"live\": true, \"has_unpublished_changes\": true, \"url_path\": \"/home/blog/soin-du-visage/\", \"owner\": 1, \"seo_title\": \"\", \"show_in_menus\": false, \"search_description\": \"\", \"go_live_at\": null, \"expire_at\": null, \"expired\": false, \"locked\": false, \"first_published_at\": \"2019-01-30T11:09:43.103Z\", \"last_published_at\": \"2019-01-30T13:12:21.213Z\", \"latest_revision_created_at\": \"2019-02-08T16:43:30.225Z\", \"live_revision\": 19, \"date\": \"2019-01-30\", \"intro_fr\": \"Soin du visage\", \"intro_it\": \"Cura del viso\", \"body_fr\": \"<p>Soin du visage intensif</p><p>Soin complet avec des produits de qualit\\u00e9 et des appareils sp\\u00e9cifiques pour chaque type de peau.</p><p>OFFERT : entretien des sourcils</p><p>Plus d&#x27; une heure de d\\u00e9tente avec bougies parfum\\u00e9es, musique de relaxation pour vous permettre de l\\u00e2cher prise et de profiter d&#x27; un moment de bien \\u00eatre.</p><p>&quot; Votre beaut\\u00e9 s\\u2019exprime \\u00e0 travers l\\u2019\\u00e9tat de votre peau &quot;.</p><p><a href=\\\"http://vanesthetique.angel-belando.fr\\\">Voir les tarifs</a></p>\", \"body_it\": \"<p>Trattamento viso intensivo</p><p>Vi propongo uno trattamento completo con prodotti di qualit\\u00e0 adatti a tutti tipi di pelle.</p><p>Pi\\u00f9 di un ora e mezza di cura con candele profumate, musica di rilasso per procurarvi un intenso momento di benessere.</p><p></p><p>La tua bellezza si esprime attraverso le condizioni della tua pelle. La nostra pelle ha bisogno di protezione, idratazione e lenitivo per irradiare giorno per giorno.</p><p><a href=\\\"http://vanesthetique.angel-belando.fr/\\\">Vedere i prezzi</a></p>\", \"gallery_images\": [{\"pk\": 9, \"sort_order\": 0, \"page\": null, \"image\": 9, \"caption\": \"\"}]}", "approved_go_live_at": null}}, {"model": "wagtailcore.pagerevision", "pk": 44, "fields": {"page": 6, "submitted_for_moderation": false, "created_at": "2019-02-21T15:37:36.135Z", "user": 1, "content_json": "{\"pk\": 6, \"path\": \"0001000100010003\", \"depth\": 4, \"numchild\": 0, \"title\": \"Epilations\", \"draft_title\": \"Epilations\", \"slug\": \"epilations\", \"content_type\": 16, \"live\": true, \"has_unpublished_changes\": true, \"url_path\": \"/home/blog/epilations/\", \"owner\": 1, \"seo_title\": \"\", \"show_in_menus\": false, \"search_description\": \"\", \"go_live_at\": null, \"expire_at\": null, \"expired\": false, \"locked\": false, \"first_published_at\": \"2019-01-30T11:20:07.641Z\", \"last_published_at\": \"2019-01-30T11:23:16.953Z\", \"latest_revision_created_at\": \"2019-02-08T16:42:10.457Z\", \"live_revision\": 11, \"date\": \"2019-01-30\", \"intro_fr\": \"Epilations\", \"intro_it\": \"Depilazione\", \"body_fr\": \"<p>Pour une peau douce et parfaitement \\u00e9pil\\u00e9e, votre esth\\u00e9ticienne vous conseille l\\u2019\\u00e9pilation \\u00e0 la cire traditionnelle.</p><p><a href=\\\"http://vanesthetique.angel-belando.fr/\\\">Voir les tarifs</a></p>\", \"body_it\": \"<p>Per una pelle morbida e perfettamente rasata, la tua estetista ti consiglia di cerare con la cera tradizionale.</p><p><a href=\\\"http://vanesthetique.angel-belando.fr/\\\">Vedere i prezzi</a></p>\", \"gallery_images\": [{\"pk\": null, \"sort_order\": 0, \"page\": 6, \"image\": 5, \"caption\": \"\"}, {\"pk\": null, \"sort_order\": 1, \"page\": 6, \"image\": 12, \"caption\": \"\"}, {\"pk\": null, \"sort_order\": 2, \"page\": 6, \"image\": 13, \"caption\": \"\"}]}", "approved_go_live_at": null}}, {"model": "wagtailcore.pagerevision", "pk": 45, "fields": {"page": 3, "submitted_for_moderation": false, "created_at": "2019-02-21T15:39:59.002Z", "user": 1, "content_json": "{\"pk\": 3, \"path\": \"000100010001\", \"depth\": 3, \"numchild\": 3, \"title\": \"BLOG Romy Beauty\", \"draft_title\": \"BLOG Romy Beauty\", \"slug\": \"blog\", \"content_type\": 15, \"live\": true, \"has_unpublished_changes\": true, \"url_path\": \"/home/blog/\", \"owner\": 1, \"seo_title\": \"\", \"show_in_menus\": false, \"search_description\": \"\", \"go_live_at\": null, \"expire_at\": null, \"expired\": false, \"locked\": false, \"first_published_at\": \"2019-01-30T11:06:03.368Z\", \"last_published_at\": \"2019-01-30T13:27:41.801Z\", \"latest_revision_created_at\": \"2019-02-08T16:38:28.925Z\", \"live_revision\": 20, \"intro\": \"<p>Esth\\u00e9ticienne dipl\\u00f4m\\u00e9e, je vous re\\u00e7ois sur rendez vous uniquement \\u00e0 Beausoleil.</p>\", \"body\": \"<p></p>\"}", "approved_go_live_at": null}}, {"model": "wagtailcore.pagerevision", "pk": 46, "fields": {"page": 3, "submitted_for_moderation": false, "created_at": "2019-03-08T16:13:37.405Z", "user": 1, "content_json": "{\"pk\": 3, \"path\": \"000100010001\", \"depth\": 3, \"numchild\": 3, \"title\": \"BLOG Sweety Beauty\", \"draft_title\": \"BLOG Romy Beauty\", \"slug\": \"blog\", \"content_type\": 15, \"live\": true, \"has_unpublished_changes\": true, \"url_path\": \"/home/blog/\", \"owner\": 1, \"seo_title\": \"\", \"show_in_menus\": false, \"search_description\": \"\", \"go_live_at\": null, \"expire_at\": null, \"expired\": false, \"locked\": false, \"first_published_at\": \"2019-01-30T11:06:03.368Z\", \"last_published_at\": \"2019-01-30T13:27:41.801Z\", \"latest_revision_created_at\": \"2019-02-21T15:39:59.002Z\", \"live_revision\": 20, \"intro\": \"<p>Esth\\u00e9ticienne dipl\\u00f4m\\u00e9e, je vous re\\u00e7ois sur rendez vous uniquement \\u00e0 Beausoleil.</p>\", \"body\": \"<p></p>\"}", "approved_go_live_at": null}}, {"model": "wagtailcore.pagerevision", "pk": 47, "fields": {"page": 3, "submitted_for_moderation": false, "created_at": "2019-03-08T16:14:05.632Z", "user": 1, "content_json": "{\"pk\": 3, \"path\": \"000100010001\", \"depth\": 3, \"numchild\": 3, \"title\": \"BLOG Sweety Beauty\", \"draft_title\": \"BLOG Sweety Beauty\", \"slug\": \"blog\", \"content_type\": 15, \"live\": true, \"has_unpublished_changes\": true, \"url_path\": \"/home/blog/\", \"owner\": 1, \"seo_title\": \"\", \"show_in_menus\": false, \"search_description\": \"\", \"go_live_at\": null, \"expire_at\": null, \"expired\": false, \"locked\": false, \"first_published_at\": \"2019-01-30T11:06:03.368Z\", \"last_published_at\": \"2019-01-30T13:27:41.801Z\", \"latest_revision_created_at\": \"2019-03-08T16:13:37.405Z\", \"live_revision\": 20, \"intro\": \"<p>Esth\\u00e9ticienne dipl\\u00f4m\\u00e9e, je vous re\\u00e7ois \\u00e0 mon domicile sur rendez vous uniquement \\u00e0 Beausoleil.</p>\", \"body\": \"<p></p>\"}", "approved_go_live_at": null}}, {"model": "wagtailcore.pagerevision", "pk": 48, "fields": {"page": 7, "submitted_for_moderation": false, "created_at": "2019-03-08T16:22:43.414Z", "user": 1, "content_json": "{\"pk\": 7, \"path\": \"0001000100010004\", \"depth\": 4, \"numchild\": 0, \"title\": \"Beaut\\u00e9 des mains\", \"draft_title\": \"Beaut\\u00e9 des mains\", \"slug\": \"beaut\\u00e9-des-mains\", \"content_type\": 16, \"live\": false, \"has_unpublished_changes\": false, \"url_path\": \"/home/blog/beaut\\u00e9-des-mains/\", \"owner\": 1, \"seo_title\": \"\", \"show_in_menus\": false, \"search_description\": \"\", \"go_live_at\": null, \"expire_at\": null, \"expired\": false, \"locked\": false, \"first_published_at\": null, \"last_published_at\": null, \"latest_revision_created_at\": null, \"live_revision\": null, \"date\": \"2019-03-08\", \"intro_fr\": \"Beaut\\u00e9 des mains\", \"intro_it\": \"Beaut\\u00e9 des mains\", \"body_fr\": \"<p></p>\", \"body_it\": \"<p></p>\", \"gallery_images\": []}", "approved_go_live_at": null}}, {"model": "wagtailcore.pagerevision", "pk": 49, "fields": {"page": 7, "submitted_for_moderation": false, "created_at": "2019-03-08T16:36:37.031Z", "user": 1, "content_json": "{\"pk\": 7, \"path\": \"0001000100010004\", \"depth\": 4, \"numchild\": 0, \"title\": \"Beaut\\u00e9 des mains\", \"draft_title\": \"Beaut\\u00e9 des mains\", \"slug\": \"beaut\\u00e9-des-mains\", \"content_type\": 16, \"live\": false, \"has_unpublished_changes\": true, \"url_path\": \"/home/blog/beaut\\u00e9-des-mains/\", \"owner\": 1, \"seo_title\": \"\", \"show_in_menus\": false, \"search_description\": \"\", \"go_live_at\": null, \"expire_at\": null, \"expired\": false, \"locked\": false, \"first_published_at\": null, \"last_published_at\": null, \"latest_revision_created_at\": \"2019-03-08T16:22:43.414Z\", \"live_revision\": null, \"date\": \"2019-03-08\", \"intro_fr\": \"Beaut\\u00e9 des mains\", \"intro_it\": \"Beaut\\u00e9 des mains\", \"body_fr\": \"<p>Les mains sont particuli\\u00e8rement fragiles et sensibles aux agressions ext\\u00e9rieures : mains s\\u00e8ches, ongles ab\\u00eem\\u00e9s, jaunis ... </p><p>Les mains constituent une partie du corps visible en permanence il est donc important d&#x27; en prendre soin et de soigner son apparence jusqu&#x27; au bout des ongles.</p>\", \"body_it\": \"<p></p>\", \"gallery_images\": []}", "approved_go_live_at": null}}, {"model": "wagtailcore.pagerevision", "pk": 50, "fields": {"page": 7, "submitted_for_moderation": false, "created_at": "2019-03-08T16:37:32.441Z", "user": 1, "content_json": "{\"pk\": 7, \"path\": \"0001000100010004\", \"depth\": 4, \"numchild\": 0, \"title\": \"Beaut\\u00e9 des mains\", \"draft_title\": \"Beaut\\u00e9 des mains\", \"slug\": \"beaut\\u00e9-des-mains\", \"content_type\": 16, \"live\": false, \"has_unpublished_changes\": true, \"url_path\": \"/home/blog/beaut\\u00e9-des-mains/\", \"owner\": 1, \"seo_title\": \"\", \"show_in_menus\": false, \"search_description\": \"\", \"go_live_at\": null, \"expire_at\": null, \"expired\": false, \"locked\": false, \"first_published_at\": null, \"last_published_at\": null, \"latest_revision_created_at\": \"2019-03-08T16:36:37.031Z\", \"live_revision\": null, \"date\": \"2019-03-08\", \"intro_fr\": \"Les mains sont particuli\\u00e8rement fragiles et sensibles aux agressions ext\\u00e9rieures : mains s\\u00e8ches, ongles ab\\u00eem\\u00e9s, jaunis ... Les mains constituent une partie du corps visible en permanence il est donc important d' en prendre soin et de soigner son apparence\", \"intro_it\": \"Beaut\\u00e9 des mains\", \"body_fr\": \"<p>Les mains sont particuli\\u00e8rement fragiles et sensibles aux agressions ext\\u00e9rieures : mains s\\u00e8ches, ongles ab\\u00eem\\u00e9s, jaunis ...</p><p>Les mains constituent une partie du corps visible en permanence il est donc important d&#x27; en prendre soin et de soigner son apparence jusqu&#x27; au bout des ongles.</p>\", \"body_it\": \"<p></p>\", \"gallery_images\": []}", "approved_go_live_at": null}}, {"model": "wagtailcore.pagerevision", "pk": 51, "fields": {"page": 7, "submitted_for_moderation": false, "created_at": "2019-03-08T16:39:20.517Z", "user": 1, "content_json": "{\"pk\": 7, \"path\": \"0001000100010004\", \"depth\": 4, \"numchild\": 0, \"title\": \"Beaut\\u00e9 des mains\", \"draft_title\": \"Beaut\\u00e9 des mains\", \"slug\": \"beaut\\u00e9-des-mains\", \"content_type\": 16, \"live\": false, \"has_unpublished_changes\": true, \"url_path\": \"/home/blog/beaut\\u00e9-des-mains/\", \"owner\": 1, \"seo_title\": \"\", \"show_in_menus\": false, \"search_description\": \"\", \"go_live_at\": null, \"expire_at\": null, \"expired\": false, \"locked\": false, \"first_published_at\": null, \"last_published_at\": null, \"latest_revision_created_at\": \"2019-03-08T16:37:32.441Z\", \"live_revision\": null, \"date\": \"2019-03-08\", \"intro_fr\": \"Les mains sont particuli\\u00e8rement fragiles et sensibles aux agressions ext\\u00e9rieures : mains s\\u00e8ches, ongles ab\\u00eem\\u00e9s, jaunis ... Elles constituent une partie du corps visible en permanence il est donc important d' en prendre soin et de soigner son apparence\", \"intro_it\": \"Beaut\\u00e9 des mains\", \"body_fr\": \"<p>Les mains sont particuli\\u00e8rement fragiles et sensibles aux agressions ext\\u00e9rieures : mains s\\u00e8ches, ongles ab\\u00eem\\u00e9s, jaunis ...</p><p>Les mains constituent une partie du corps visible en permanence il est donc important d&#x27; en prendre soin et de soigner son apparence jusqu&#x27; au bout des ongles.</p>\", \"body_it\": \"<p></p>\", \"gallery_images\": []}", "approved_go_live_at": null}}, {"model": "wagtailcore.pagerevision", "pk": 52, "fields": {"page": 7, "submitted_for_moderation": false, "created_at": "2019-03-08T16:39:59.049Z", "user": 1, "content_json": "{\"pk\": 7, \"path\": \"0001000100010004\", \"depth\": 4, \"numchild\": 0, \"title\": \"Beaut\\u00e9 des mains\", \"draft_title\": \"Beaut\\u00e9 des mains\", \"slug\": \"beaut\\u00e9-des-mains\", \"content_type\": 16, \"live\": false, \"has_unpublished_changes\": true, \"url_path\": \"/home/blog/beaut\\u00e9-des-mains/\", \"owner\": 1, \"seo_title\": \"\", \"show_in_menus\": false, \"search_description\": \"\", \"go_live_at\": null, \"expire_at\": null, \"expired\": false, \"locked\": false, \"first_published_at\": null, \"last_published_at\": null, \"latest_revision_created_at\": \"2019-03-08T16:39:20.517Z\", \"live_revision\": null, \"date\": \"2019-03-08\", \"intro_fr\": \"Les mains sont particuli\\u00e8rement fragiles et sensibles aux agressions ext\\u00e9rieures : mains s\\u00e8ches, ongles ab\\u00eem\\u00e9s, jaunis ... Elles constituent une partie du corps visible en permanence il est donc important d' en prendre soin et de soigner son apparence\", \"intro_it\": \"Beaut\\u00e9 des mains\", \"body_fr\": \"\", \"body_it\": \"<p></p>\", \"gallery_images\": []}", "approved_go_live_at": null}}, {"model": "wagtailcore.pagerevision", "pk": 53, "fields": {"page": 7, "submitted_for_moderation": false, "created_at": "2019-03-08T16:41:53.237Z", "user": 1, "content_json": "{\"pk\": 7, \"path\": \"0001000100010004\", \"depth\": 4, \"numchild\": 0, \"title\": \"Beaut\\u00e9 des mains\", \"draft_title\": \"Beaut\\u00e9 des mains\", \"slug\": \"beaut\\u00e9-des-mains\", \"content_type\": 16, \"live\": false, \"has_unpublished_changes\": true, \"url_path\": \"/home/blog/beaut\\u00e9-des-mains/\", \"owner\": 1, \"seo_title\": \"\", \"show_in_menus\": false, \"search_description\": \"\", \"go_live_at\": null, \"expire_at\": null, \"expired\": false, \"locked\": false, \"first_published_at\": null, \"last_published_at\": null, \"latest_revision_created_at\": \"2019-03-08T16:39:59.049Z\", \"live_revision\": null, \"date\": \"2019-03-08\", \"intro_fr\": \"Les mains sont particuli\\u00e8rement fragiles et sensibles aux agressions ext\\u00e9rieures : mains s\\u00e8ches, ongles ab\\u00eem\\u00e9s, jaunis ... Elles constituent une partie du corps visible en permanence il est donc important d' en prendre soin et de soigner leur apparence.\", \"intro_it\": \"Beaut\\u00e9 des mains\", \"body_fr\": \"<p></p>\", \"body_it\": \"<p></p>\", \"gallery_images\": []}", "approved_go_live_at": null}}, {"model": "wagtailcore.pagerevision", "pk": 54, "fields": {"page": 7, "submitted_for_moderation": false, "created_at": "2019-03-08T16:43:01.426Z", "user": 1, "content_json": "{\"pk\": 7, \"path\": \"0001000100010004\", \"depth\": 4, \"numchild\": 0, \"title\": \"Beaut\\u00e9 des mains\", \"draft_title\": \"Beaut\\u00e9 des mains\", \"slug\": \"beaut\\u00e9-des-mains\", \"content_type\": 16, \"live\": false, \"has_unpublished_changes\": true, \"url_path\": \"/home/blog/beaut\\u00e9-des-mains/\", \"owner\": 1, \"seo_title\": \"\", \"show_in_menus\": false, \"search_description\": \"\", \"go_live_at\": null, \"expire_at\": null, \"expired\": false, \"locked\": false, \"first_published_at\": null, \"last_published_at\": null, \"latest_revision_created_at\": \"2019-03-08T16:41:53.237Z\", \"live_revision\": null, \"date\": \"2019-03-08\", \"intro_fr\": \"Les mains sont particuli\\u00e8rement fragiles et sensibles aux agressions ext\\u00e9rieures : mains s\\u00e8ches, ongles ab\\u00eem\\u00e9s, jaunis ... Elles constituent une partie du corps visible en permanence il est donc important d' en prendre soin.\", \"intro_it\": \"Beaut\\u00e9 des mains\", \"body_fr\": \"<p></p>\", \"body_it\": \"<p></p>\", \"gallery_images\": []}", "approved_go_live_at": null}}, {"model": "wagtailcore.pagerevision", "pk": 55, "fields": {"page": 7, "submitted_for_moderation": false, "created_at": "2019-03-08T16:52:26.824Z", "user": 1, "content_json": "{\"pk\": 7, \"path\": \"0001000100010004\", \"depth\": 4, \"numchild\": 0, \"title\": \"Beaut\\u00e9 des mains\", \"draft_title\": \"Beaut\\u00e9 des mains\", \"slug\": \"beaut\\u00e9-des-mains\", \"content_type\": 16, \"live\": false, \"has_unpublished_changes\": true, \"url_path\": \"/home/blog/beaut\\u00e9-des-mains/\", \"owner\": 1, \"seo_title\": \"\", \"show_in_menus\": false, \"search_description\": \"\", \"go_live_at\": null, \"expire_at\": null, \"expired\": false, \"locked\": false, \"first_published_at\": null, \"last_published_at\": null, \"latest_revision_created_at\": \"2019-03-08T16:43:01.426Z\", \"live_revision\": null, \"date\": \"2019-03-08\", \"intro_fr\": \"Les mains sont particuli\\u00e8rement fragiles et sensibles aux agressions ext\\u00e9rieures : mains s\\u00e8ches, ongles ab\\u00eem\\u00e9s, jaunis ... Elles constituent une partie du corps visible en permanence il est donc important d' en prendre soin.\", \"intro_it\": \"Le mani sono particolarmente fragili e sensibili alle agressioni esterne : mani secche, unghie dannegiate, gialle. Costituiscono una parte del corpo sempre visibile, e importante prenderne cura.\", \"body_fr\": \"<p></p>\", \"body_it\": \"<p></p>\", \"gallery_images\": []}", "approved_go_live_at": null}}, {"model": "wagtailcore.pagerevision", "pk": 56, "fields": {"page": 7, "submitted_for_moderation": false, "created_at": "2019-03-08T17:07:32.433Z", "user": 1, "content_json": "{\"pk\": 7, \"path\": \"0001000100010004\", \"depth\": 4, \"numchild\": 0, \"title\": \"Beaut\\u00e9 des mains\", \"draft_title\": \"Beaut\\u00e9 des mains\", \"slug\": \"beaut\\u00e9-des-mains\", \"content_type\": 16, \"live\": false, \"has_unpublished_changes\": true, \"url_path\": \"/home/blog/beaut\\u00e9-des-mains/\", \"owner\": 1, \"seo_title\": \"\", \"show_in_menus\": false, \"search_description\": \"\", \"go_live_at\": null, \"expire_at\": null, \"expired\": false, \"locked\": false, \"first_published_at\": null, \"last_published_at\": null, \"latest_revision_created_at\": \"2019-03-08T16:52:26.824Z\", \"live_revision\": null, \"date\": \"2019-03-08\", \"intro_fr\": \"Les mains sont particuli\\u00e8rement fragiles et sensibles aux agressions ext\\u00e9rieures : mains s\\u00e8ches, ongles ab\\u00eem\\u00e9s, jaunis ... Elles constituent une partie du corps visible en permanence il est donc important d' en prendre soin.\", \"intro_it\": \"Le mani sono particolarmente fragili e sensibili alle agressioni esterne : mani secche, unghie dannegiate, gialle. Costituiscono una parte del corpo sempre visibile, e importante prenderne cura.\", \"body_fr\": \"<p>Je vous propose un soin des mains complet avec manucure, gommage, masque, cr\\u00e8me et modelage. </p>\", \"body_it\": \"<p>Vi propongo un trattamento mani completo con manicure, scrub, maschera, crema e massaggio</p>\", \"gallery_images\": []}", "approved_go_live_at": null}}, {"model": "wagtailcore.pagerevision", "pk": 57, "fields": {"page": 7, "submitted_for_moderation": false, "created_at": "2019-03-08T17:07:41.642Z", "user": 1, "content_json": "{\"pk\": 7, \"path\": \"0001000100010004\", \"depth\": 4, \"numchild\": 0, \"title\": \"Beaut\\u00e9 des mains\", \"draft_title\": \"Beaut\\u00e9 des mains\", \"slug\": \"beaut\\u00e9-des-mains\", \"content_type\": 16, \"live\": false, \"has_unpublished_changes\": true, \"url_path\": \"/home/blog/beaut\\u00e9-des-mains/\", \"owner\": 1, \"seo_title\": \"\", \"show_in_menus\": false, \"search_description\": \"\", \"go_live_at\": null, \"expire_at\": null, \"expired\": false, \"locked\": false, \"first_published_at\": null, \"last_published_at\": null, \"latest_revision_created_at\": \"2019-03-08T17:07:32.433Z\", \"live_revision\": null, \"date\": \"2019-03-08\", \"intro_fr\": \"Les mains sont particuli\\u00e8rement fragiles et sensibles aux agressions ext\\u00e9rieures : mains s\\u00e8ches, ongles ab\\u00eem\\u00e9s, jaunis ... Elles constituent une partie du corps visible en permanence il est donc important d' en prendre soin.\", \"intro_it\": \"Le mani sono particolarmente fragili e sensibili alle agressioni esterne : mani secche, unghie dannegiate, gialle. Costituiscono una parte del corpo sempre visibile, e importante prenderne cura.\", \"body_fr\": \"<p>Je vous propose un soin des mains complet avec manucure, gommage, masque, cr\\u00e8me et modelage.</p>\", \"body_it\": \"<p>Vi propongo un trattamento mani completo con manicure, scrub, maschera, crema e massaggio.</p>\", \"gallery_images\": []}", "approved_go_live_at": null}}, {"model": "wagtailcore.pagerevision", "pk": 58, "fields": {"page": 7, "submitted_for_moderation": false, "created_at": "2019-03-08T17:08:27.987Z", "user": 1, "content_json": "{\"pk\": 7, \"path\": \"0001000100010004\", \"depth\": 4, \"numchild\": 0, \"title\": \"Beaut\\u00e9 des ongles et des mains\", \"draft_title\": \"Beaut\\u00e9 des mains\", \"slug\": \"beaut\\u00e9-des-ongles-et-des-mains\", \"content_type\": 16, \"live\": false, \"has_unpublished_changes\": true, \"url_path\": \"/home/blog/beaut\\u00e9-des-mains/\", \"owner\": 1, \"seo_title\": \"\", \"show_in_menus\": false, \"search_description\": \"\", \"go_live_at\": null, \"expire_at\": null, \"expired\": false, \"locked\": false, \"first_published_at\": null, \"last_published_at\": null, \"latest_revision_created_at\": \"2019-03-08T17:07:41.642Z\", \"live_revision\": null, \"date\": \"2019-03-08\", \"intro_fr\": \"Les mains sont particuli\\u00e8rement fragiles et sensibles aux agressions ext\\u00e9rieures : mains s\\u00e8ches, ongles ab\\u00eem\\u00e9s, jaunis ... Elles constituent une partie du corps visible en permanence il est donc important d' en prendre soin.\", \"intro_it\": \"Le mani sono particolarmente fragili e sensibili alle agressioni esterne : mani secche, unghie dannegiate, gialle. Costituiscono una parte del corpo sempre visibile, e importante prenderne cura.\", \"body_fr\": \"<p>Je vous propose un soin des mains complet avec manucure, gommage, masque, cr\\u00e8me et modelage.</p>\", \"body_it\": \"<p>Vi propongo un trattamento mani completo con manicure, scrub, maschera, crema e massaggio.</p>\", \"gallery_images\": []}", "approved_go_live_at": null}}, {"model": "wagtailcore.pagerevision", "pk": 63, "fields": {"page": 10, "submitted_for_moderation": false, "created_at": "2019-03-08T17:46:37.377Z", "user": 1, "content_json": "{\"pk\": 10, \"path\": \"0001000100010005\", \"depth\": 4, \"numchild\": 0, \"title\": \"Vernis semi permanent\", \"draft_title\": \"Vernis semi permanent\", \"slug\": \"vernis-semi-permanent\", \"content_type\": 15, \"live\": false, \"has_unpublished_changes\": false, \"url_path\": \"/home/blog/vernis-semi-permanent/\", \"owner\": 1, \"seo_title\": \"\", \"show_in_menus\": false, \"search_description\": \"\", \"go_live_at\": null, \"expire_at\": null, \"expired\": false, \"locked\": false, \"first_published_at\": null, \"last_published_at\": null, \"latest_revision_created_at\": null, \"live_revision\": null, \"intro\": \"<p>Vernis semi permanent </p>\", \"body\": \"<p>Vernis semi permanent </p>\"}", "approved_go_live_at": null}}, {"model": "wagtailcore.pagerevision", "pk": 64, "fields": {"page": 7, "submitted_for_moderation": false, "created_at": "2019-03-19T13:45:33.040Z", "user": 1, "content_json": "{\"pk\": 7, \"path\": \"0001000100010004\", \"depth\": 4, \"numchild\": 0, \"title\": \"Beaut\\u00e9 des ongles et des mains\", \"draft_title\": \"Beaut\\u00e9 des ongles et des mains\", \"slug\": \"beaut\\u00e9-des-ongles-et-des-mains\", \"content_type\": 16, \"live\": false, \"has_unpublished_changes\": true, \"url_path\": \"/home/blog/beaut\\u00e9-des-ongles-et-des-mains/\", \"owner\": 1, \"seo_title\": \"\", \"show_in_menus\": false, \"search_description\": \"\", \"go_live_at\": null, \"expire_at\": null, \"expired\": false, \"locked\": false, \"first_published_at\": null, \"last_published_at\": null, \"latest_revision_created_at\": \"2019-03-08T17:08:27.987Z\", \"live_revision\": null, \"date\": \"2019-03-08\", \"intro_fr\": \"Les mains sont particuli\\u00e8rement fragiles et sensibles aux agressions ext\\u00e9rieures : mains s\\u00e8ches, ongles ab\\u00eem\\u00e9s, jaunis ... Elles constituent une partie du corps visible en permanence il est donc important d' en prendre soin.\", \"intro_it\": \"Le mani sono particolarmente fragili e sensibili alle agressioni esterne : mani secche, unghie dannegiate, gialle. Costituiscono una parte del corpo sempre visibile, e importante prenderne cura.\", \"body_fr\": \"<p>Je vous propose un soin des mains complet avec manucure, gommage, masque, cr\\u00e8me et modelage.</p>\", \"body_it\": \"<p>Vi propongo un trattamento mani completo con manicure, scrub, maschera, crema e massaggio.</p>\", \"gallery_images\": []}", "approved_go_live_at": null}}, {"model": "wagtailcore.pagerevision", "pk": 65, "fields": {"page": 7, "submitted_for_moderation": false, "created_at": "2019-03-19T13:45:41.033Z", "user": 1, "content_json": "{\"pk\": 7, \"path\": \"0001000100010004\", \"depth\": 4, \"numchild\": 0, \"title\": \"Beaut\\u00e9 des ongles et des mains\", \"draft_title\": \"Beaut\\u00e9 des ongles et des mains\", \"slug\": \"beaut\\u00e9-des-ongles-et-des-mains\", \"content_type\": 16, \"live\": true, \"has_unpublished_changes\": false, \"url_path\": \"/home/blog/beaut\\u00e9-des-ongles-et-des-mains/\", \"owner\": 1, \"seo_title\": \"\", \"show_in_menus\": false, \"search_description\": \"\", \"go_live_at\": null, \"expire_at\": null, \"expired\": false, \"locked\": false, \"first_published_at\": \"2019-03-19T13:45:33.066Z\", \"last_published_at\": \"2019-03-19T13:45:33.066Z\", \"latest_revision_created_at\": \"2019-03-19T13:45:33.040Z\", \"live_revision\": 64, \"date\": \"2019-03-08\", \"intro_fr\": \"Les mains sont particuli\\u00e8rement fragiles et sensibles aux agressions ext\\u00e9rieures : mains s\\u00e8ches, ongles ab\\u00eem\\u00e9s, jaunis ... Elles constituent une partie du corps visible en permanence il est donc important d' en prendre soin.\", \"intro_it\": \"Le mani sono particolarmente fragili e sensibili alle agressioni esterne : mani secche, unghie dannegiate, gialle. Costituiscono una parte del corpo sempre visibile, e importante prenderne cura.\", \"body_fr\": \"<p>Je vous propose un soin des mains complet avec manucure, gommage, masque, cr\\u00e8me et modelage.</p>\", \"body_it\": \"<p>Vi propongo un trattamento mani completo con manicure, scrub, maschera, crema e massaggio.</p>\", \"gallery_images\": []}", "approved_go_live_at": null}}, {"model": "wagtailcore.pagerevision", "pk": 66, "fields": {"page": 3, "submitted_for_moderation": false, "created_at": "2019-03-19T13:47:37.313Z", "user": 1, "content_json": "{\"pk\": 3, \"path\": \"000100010001\", \"depth\": 3, \"numchild\": 5, \"title\": \"BLOG Sweety Beauty\", \"draft_title\": \"BLOG Sweety Beauty\", \"slug\": \"blog\", \"content_type\": 15, \"live\": true, \"has_unpublished_changes\": true, \"url_path\": \"/home/blog/\", \"owner\": 1, \"seo_title\": \"\", \"show_in_menus\": false, \"search_description\": \"\", \"go_live_at\": null, \"expire_at\": null, \"expired\": false, \"locked\": false, \"first_published_at\": \"2019-01-30T11:06:03.368Z\", \"last_published_at\": \"2019-01-30T13:27:41.801Z\", \"latest_revision_created_at\": \"2019-03-08T16:14:05.632Z\", \"live_revision\": 20, \"intro\": \"<p>Esth\\u00e9ticienne dipl\\u00f4m\\u00e9e, je vous re\\u00e7ois \\u00e0 mon domicile sur rendez vous uniquement \\u00e0 Beausoleil.</p>\", \"body\": \"<p></p>\"}", "approved_go_live_at": null}}, {"model": "wagtailcore.pagerevision", "pk": 67, "fields": {"page": 6, "submitted_for_moderation": false, "created_at": "2019-03-19T13:48:55.613Z", "user": 1, "content_json": "{\"pk\": 6, \"path\": \"0001000100010003\", \"depth\": 4, \"numchild\": 0, \"title\": \"Epilations\", \"draft_title\": \"Epilations\", \"slug\": \"epilations\", \"content_type\": 16, \"live\": true, \"has_unpublished_changes\": true, \"url_path\": \"/home/blog/epilations/\", \"owner\": 1, \"seo_title\": \"\", \"show_in_menus\": false, \"search_description\": \"\", \"go_live_at\": null, \"expire_at\": null, \"expired\": false, \"locked\": false, \"first_published_at\": \"2019-01-30T11:20:07.641Z\", \"last_published_at\": \"2019-01-30T11:23:16.953Z\", \"latest_revision_created_at\": \"2019-02-21T15:37:36.135Z\", \"live_revision\": 11, \"date\": \"2019-01-30\", \"intro_fr\": \"Epilations\", \"intro_it\": \"Depilazione\", \"body_fr\": \"<p>Pour une peau douce et parfaitement \\u00e9pil\\u00e9e, votre esth\\u00e9ticienne vous conseille l\\u2019\\u00e9pilation \\u00e0 la cire traditionnelle.</p><p><a href=\\\"http://vanesthetique.angel-belando.fr/\\\">Voir les tarifs</a></p>\", \"body_it\": \"<p>Per una pelle morbida e perfettamente rasata, la tua estetista ti consiglia di cerare con la cera tradizionale.</p><p><a href=\\\"http://vanesthetique.angel-belando.fr/\\\">Vedere i prezzi</a></p>\", \"gallery_images\": [{\"pk\": null, \"sort_order\": 0, \"page\": 6, \"image\": 5, \"caption\": \"\"}, {\"pk\": null, \"sort_order\": 1, \"page\": 6, \"image\": 12, \"caption\": \"\"}, {\"pk\": null, \"sort_order\": 2, \"page\": 6, \"image\": 13, \"caption\": \"\"}]}", "approved_go_live_at": null}}, {"model": "wagtailcore.pagerevision", "pk": 68, "fields": {"page": 4, "submitted_for_moderation": false, "created_at": "2019-03-19T13:49:07.918Z", "user": 1, "content_json": "{\"pk\": 4, \"path\": \"0001000100010001\", \"depth\": 4, \"numchild\": 0, \"title\": \"Soin du visage\", \"draft_title\": \"Soin du visage\", \"slug\": \"soin-du-visage\", \"content_type\": 16, \"live\": true, \"has_unpublished_changes\": true, \"url_path\": \"/home/blog/soin-du-visage/\", \"owner\": 1, \"seo_title\": \"\", \"show_in_menus\": false, \"search_description\": \"\", \"go_live_at\": null, \"expire_at\": null, \"expired\": false, \"locked\": false, \"first_published_at\": \"2019-01-30T11:09:43.103Z\", \"last_published_at\": \"2019-01-30T13:12:21.213Z\", \"latest_revision_created_at\": \"2019-02-21T15:33:10.623Z\", \"live_revision\": 19, \"date\": \"2019-01-30\", \"intro_fr\": \"Soin du visage\", \"intro_it\": \"Cura del viso\", \"body_fr\": \"<p>Soin du visage intensif</p><p>Soin complet avec des produits de qualit\\u00e9 et des appareils sp\\u00e9cifiques pour chaque type de peau.</p><p>OFFERT : entretien des sourcils</p><p>Plus d&#x27; une heure de d\\u00e9tente avec bougies parfum\\u00e9es, musique de relaxation pour vous permettre de l\\u00e2cher prise et de profiter d&#x27; un moment de bien \\u00eatre.</p><p>&quot; Votre beaut\\u00e9 s\\u2019exprime \\u00e0 travers l\\u2019\\u00e9tat de votre peau &quot;.</p><p><a href=\\\"http://vanesthetique.angel-belando.fr\\\">Voir les tarifs</a></p>\", \"body_it\": \"<p>Trattamento viso intensivo</p><p>Vi propongo uno trattamento completo con prodotti di qualit\\u00e0 adatti a tutti tipi di pelle.</p><p>Pi\\u00f9 di un ora e mezza di cura con candele profumate, musica di rilasso per procurarvi un intenso momento di benessere.</p><p></p><p>La tua bellezza si esprime attraverso le condizioni della tua pelle. La nostra pelle ha bisogno di protezione, idratazione e lenitivo per irradiare giorno per giorno.</p><p><a href=\\\"http://vanesthetique.angel-belando.fr/\\\">Vedere i prezzi</a></p>\", \"gallery_images\": [{\"pk\": 9, \"sort_order\": 0, \"page\": null, \"image\": 9, \"caption\": \"\"}]}", "approved_go_live_at": null}}, {"model": "wagtailcore.pagerevision", "pk": 69, "fields": {"page": 5, "submitted_for_moderation": false, "created_at": "2019-03-19T13:49:18.962Z", "user": 1, "content_json": "{\"pk\": 5, \"path\": \"0001000100010002\", \"depth\": 4, \"numchild\": 0, \"title\": \"Soins des pieds\", \"draft_title\": \"Soins des pieds\", \"slug\": \"soins-des-mains-et-des-pieds\", \"content_type\": 16, \"live\": true, \"has_unpublished_changes\": true, \"url_path\": \"/home/blog/soins-des-mains-et-des-pieds/\", \"owner\": 1, \"seo_title\": \"\", \"show_in_menus\": false, \"search_description\": \"\", \"go_live_at\": null, \"expire_at\": null, \"expired\": false, \"locked\": false, \"first_published_at\": \"2019-01-30T11:17:26.750Z\", \"last_published_at\": \"2019-02-05T13:04:37.213Z\", \"latest_revision_created_at\": \"2019-02-08T16:43:05.734Z\", \"live_revision\": 26, \"date\": \"2019-01-30\", \"intro_fr\": \"Soin des pieds\", \"intro_it\": \"Cura dei piedi\", \"body_fr\": \"<p>N&#x27; attendez plus l&#x27; \\u00e9t\\u00e9 pour soigner vos pieds, de jolis pieds s&#x27; entretiennent toute l&#x27; ann\\u00e9e ! Les pieds nous portent tous les jours de l&#x27; ann\\u00e9e, il est donc important d&#x27; en prendre soin, les chouchouter mais aussi de les soigner !</p><p>Je vous propose une beaut\\u00e9 des pieds compl\\u00e8te avec : sels de bains, gommage, cr\\u00e8me, modelage, entretien des ongles, corne, cor et peaux mortes.</p><p><a href=\\\"http://vanesthetique.angel-belando.fr/\\\">Voir les tarifs</a></p>\", \"body_it\": \"<p>Per mani perfette e piedi impeccabili, la tua estetista offre vari trattamenti.</p><p><a href=\\\"http://vanesthetique.angel-belando.fr/\\\">Vedere i prezzi</a></p>\", \"gallery_images\": [{\"pk\": 4, \"sort_order\": 0, \"page\": null, \"image\": 4, \"caption\": \"\"}]}", "approved_go_live_at": null}}, {"model": "wagtailcore.pagerevision", "pk": 70, "fields": {"page": 10, "submitted_for_moderation": false, "created_at": "2019-03-19T13:51:06.276Z", "user": 1, "content_json": "{\"pk\": 10, \"path\": \"0001000100010005\", \"depth\": 4, \"numchild\": 0, \"title\": \"Vernis semi permanent\", \"draft_title\": \"Vernis semi permanent\", \"slug\": \"vernis-semi-permanent\", \"content_type\": 15, \"live\": false, \"has_unpublished_changes\": true, \"url_path\": \"/home/blog/vernis-semi-permanent/\", \"owner\": 1, \"seo_title\": \"\", \"show_in_menus\": false, \"search_description\": \"\", \"go_live_at\": null, \"expire_at\": null, \"expired\": false, \"locked\": false, \"first_published_at\": null, \"last_published_at\": null, \"latest_revision_created_at\": \"2019-03-08T17:46:37.377Z\", \"live_revision\": null, \"intro\": \"<p>Vernis semi permanent</p>\", \"body\": \"<p>Vernis semi permanent</p>\"}", "approved_go_live_at": null}}, {"model": "wagtailcore.pagerevision", "pk": 71, "fields": {"page": 6, "submitted_for_moderation": false, "created_at": "2019-03-19T13:53:01.718Z", "user": 1, "content_json": "{\"pk\": 6, \"path\": \"0001000100010003\", \"depth\": 4, \"numchild\": 0, \"title\": \"Epilations\", \"draft_title\": \"Epilations\", \"slug\": \"epilations\", \"content_type\": 16, \"live\": true, \"has_unpublished_changes\": false, \"url_path\": \"/home/blog/epilations/\", \"owner\": 1, \"seo_title\": \"\", \"show_in_menus\": false, \"search_description\": \"\", \"go_live_at\": null, \"expire_at\": null, \"expired\": false, \"locked\": false, \"first_published_at\": \"2019-01-30T11:20:07.641Z\", \"last_published_at\": \"2019-03-19T13:48:55.641Z\", \"latest_revision_created_at\": \"2019-03-19T13:48:55.613Z\", \"live_revision\": 67, \"date\": \"2019-01-30\", \"intro_fr\": \"Epilations\", \"intro_it\": \"Depilazione\", \"body_fr\": \"<p>Pour une peau douce et parfaitement \\u00e9pil\\u00e9e, votre esth\\u00e9ticienne vous conseille l\\u2019\\u00e9pilation \\u00e0 la cire traditionnelle.</p><p><a href=\\\"http://vanesthetique.angel-belando.fr/\\\">Voir les tarifs</a></p>\", \"body_it\": \"<p>Per una pelle morbida e perfettamente rasata, la tua estetista ti consiglia di cerare con la cera tradizionale.</p><p><a href=\\\"http://vanesthetique.angel-belando.fr/\\\">Vedere i prezzi</a></p>\", \"gallery_images\": [{\"pk\": 13, \"sort_order\": 0, \"page\": 6, \"image\": 13, \"caption\": \"\"}, {\"pk\": 11, \"sort_order\": 1, \"page\": 6, \"image\": 5, \"caption\": \"\"}, {\"pk\": 12, \"sort_order\": 2, \"page\": 6, \"image\": 12, \"caption\": \"\"}]}", "approved_go_live_at": null}}, {"model": "wagtailcore.pagerevision", "pk": 72, "fields": {"page": 4, "submitted_for_moderation": false, "created_at": "2019-03-19T13:54:15.854Z", "user": 1, "content_json": "{\"pk\": 4, \"path\": \"0001000100010001\", \"depth\": 4, \"numchild\": 0, \"title\": \"Soin du visage\", \"draft_title\": \"Soin du visage\", \"slug\": \"soin-du-visage\", \"content_type\": 16, \"live\": true, \"has_unpublished_changes\": false, \"url_path\": \"/home/blog/soin-du-visage/\", \"owner\": 1, \"seo_title\": \"\", \"show_in_menus\": false, \"search_description\": \"\", \"go_live_at\": null, \"expire_at\": null, \"expired\": false, \"locked\": false, \"first_published_at\": \"2019-01-30T11:09:43.103Z\", \"last_published_at\": \"2019-03-19T13:49:07.938Z\", \"latest_revision_created_at\": \"2019-03-19T13:49:07.918Z\", \"live_revision\": 68, \"date\": \"2019-01-30\", \"intro_fr\": \"Soin du visage\", \"intro_it\": \"Cura del viso\", \"body_fr\": \"<p>Soin du visage intensif</p><p>Soin complet avec des produits de qualit\\u00e9 et des appareils sp\\u00e9cifiques pour chaque type de peau.</p><p>OFFERT : entretien des sourcils</p><p>Plus d&#x27; une heure de d\\u00e9tente avec bougies parfum\\u00e9es, musique de relaxation pour vous permettre de l\\u00e2cher prise et de profiter d&#x27; un moment de bien \\u00eatre.</p><p>&quot; Votre beaut\\u00e9 s\\u2019exprime \\u00e0 travers l\\u2019\\u00e9tat de votre peau &quot;.</p><p><a href=\\\"http://vanesthetique.angel-belando.fr\\\">Voir les tarifs</a></p>\", \"body_it\": \"<p>Trattamento viso intensivo</p><p>Vi propongo uno trattamento completo con prodotti di qualit\\u00e0 adatti a tutti tipi di pelle.</p><p>Pi\\u00f9 di un ora e mezza di cura con candele profumate, musica di rilasso per procurarvi un intenso momento di benessere.</p><p></p><p>La tua bellezza si esprime attraverso le condizioni della tua pelle. La nostra pelle ha bisogno di protezione, idratazione e lenitivo per irradiare giorno per giorno.</p><p><a href=\\\"http://vanesthetique.angel-belando.fr/\\\">Vedere i prezzi</a></p>\", \"gallery_images\": [{\"pk\": null, \"sort_order\": 0, \"page\": 4, \"image\": 2, \"caption\": \"\"}, {\"pk\": 9, \"sort_order\": 1, \"page\": 4, \"image\": 9, \"caption\": \"\"}]}", "approved_go_live_at": null}}, {"model": "wagtailcore.pagerevision", "pk": 73, "fields": {"page": 4, "submitted_for_moderation": false, "created_at": "2019-03-19T13:55:11.309Z", "user": 1, "content_json": "{\"pk\": 4, \"path\": \"0001000100010001\", \"depth\": 4, \"numchild\": 0, \"title\": \"Soin du visage\", \"draft_title\": \"Soin du visage\", \"slug\": \"soin-du-visage\", \"content_type\": 16, \"live\": true, \"has_unpublished_changes\": false, \"url_path\": \"/home/blog/soin-du-visage/\", \"owner\": 1, \"seo_title\": \"\", \"show_in_menus\": false, \"search_description\": \"\", \"go_live_at\": null, \"expire_at\": null, \"expired\": false, \"locked\": false, \"first_published_at\": \"2019-01-30T11:09:43.103Z\", \"last_published_at\": \"2019-03-19T13:54:15.879Z\", \"latest_revision_created_at\": \"2019-03-19T13:54:15.854Z\", \"live_revision\": 72, \"date\": \"2019-01-30\", \"intro_fr\": \"Soin du visage\", \"intro_it\": \"Cura del viso\", \"body_fr\": \"<p>Soin du visage intensif</p><p>Soin complet avec des produits de qualit\\u00e9 et des appareils sp\\u00e9cifiques pour chaque type de peau.</p><p>OFFERT : entretien des sourcils</p><p>Plus d&#x27; une heure de d\\u00e9tente avec bougies parfum\\u00e9es, musique de relaxation pour vous permettre de l\\u00e2cher prise et de profiter d&#x27; un moment de bien \\u00eatre.</p><p>&quot; Votre beaut\\u00e9 s\\u2019exprime \\u00e0 travers l\\u2019\\u00e9tat de votre peau &quot;.</p><p><a href=\\\"http://vanesthetique.angel-belando.fr\\\">Voir les tarifs</a></p>\", \"body_it\": \"<p>Trattamento viso intensivo</p><p>Vi propongo uno trattamento completo con prodotti di qualit\\u00e0 adatti a tutti tipi di pelle.</p><p>Pi\\u00f9 di un ora e mezza di cura con candele profumate, musica di rilasso per procurarvi un intenso momento di benessere.</p><p></p><p>La tua bellezza si esprime attraverso le condizioni della tua pelle. La nostra pelle ha bisogno di protezione, idratazione e lenitivo per irradiare giorno per giorno.</p><p><a href=\\\"http://vanesthetique.angel-belando.fr/\\\">Vedere i prezzi</a></p>\", \"gallery_images\": [{\"pk\": 9, \"sort_order\": 0, \"page\": 4, \"image\": 9, \"caption\": \"\"}, {\"pk\": 14, \"sort_order\": 1, \"page\": 4, \"image\": 2, \"caption\": \"\"}]}", "approved_go_live_at": null}}, {"model": "wagtailcore.pagerevision", "pk": 74, "fields": {"page": 6, "submitted_for_moderation": false, "created_at": "2019-03-19T13:59:34.402Z", "user": 1, "content_json": "{\"pk\": 6, \"path\": \"0001000100010003\", \"depth\": 4, \"numchild\": 0, \"title\": \"Epilations\", \"draft_title\": \"Epilations\", \"slug\": \"epilations\", \"content_type\": 16, \"live\": true, \"has_unpublished_changes\": false, \"url_path\": \"/home/blog/epilations/\", \"owner\": 1, \"seo_title\": \"\", \"show_in_menus\": false, \"search_description\": \"\", \"go_live_at\": null, \"expire_at\": null, \"expired\": false, \"locked\": false, \"first_published_at\": \"2019-01-30T11:20:07.641Z\", \"last_published_at\": \"2019-03-19T13:53:01.755Z\", \"latest_revision_created_at\": \"2019-03-19T13:53:01.718Z\", \"live_revision\": 71, \"date\": \"2019-01-30\", \"intro_fr\": \"Epilations\", \"intro_it\": \"Depilazione\", \"body_fr\": \"<p>Pour une peau douce et parfaitement \\u00e9pil\\u00e9e, votre esth\\u00e9ticienne vous conseille l\\u2019\\u00e9pilation \\u00e0 la cire traditionnelle.</p><p><a href=\\\"http://vanesthetique.angel-belando.fr/\\\">Voir les tarifs</a></p>\", \"body_it\": \"<p>Per una pelle morbida e perfettamente rasata, la tua estetista ti consiglia di cerare con la cera tradizionale.</p><p><a href=\\\"http://vanesthetique.angel-belando.fr/\\\">Vedere i prezzi</a></p>\", \"gallery_images\": [{\"pk\": 11, \"sort_order\": 0, \"page\": 6, \"image\": 5, \"caption\": \"\"}, {\"pk\": 13, \"sort_order\": 1, \"page\": 6, \"image\": 13, \"caption\": \"\"}, {\"pk\": 12, \"sort_order\": 2, \"page\": 6, \"image\": 12, \"caption\": \"\"}]}", "approved_go_live_at": null}}, {"model": "wagtailcore.pagerevision", "pk": 75, "fields": {"page": 6, "submitted_for_moderation": false, "created_at": "2019-03-19T13:59:38.180Z", "user": 1, "content_json": "{\"pk\": 6, \"path\": \"0001000100010003\", \"depth\": 4, \"numchild\": 0, \"title\": \"Epilations\", \"draft_title\": \"Epilations\", \"slug\": \"epilations\", \"content_type\": 16, \"live\": true, \"has_unpublished_changes\": true, \"url_path\": \"/home/blog/epilations/\", \"owner\": 1, \"seo_title\": \"\", \"show_in_menus\": false, \"search_description\": \"\", \"go_live_at\": null, \"expire_at\": null, \"expired\": false, \"locked\": false, \"first_published_at\": \"2019-01-30T11:20:07.641Z\", \"last_published_at\": \"2019-03-19T13:53:01.755Z\", \"latest_revision_created_at\": \"2019-03-19T13:59:34.402Z\", \"live_revision\": 71, \"date\": \"2019-01-30\", \"intro_fr\": \"Epilations\", \"intro_it\": \"Depilazione\", \"body_fr\": \"<p>Pour une peau douce et parfaitement \\u00e9pil\\u00e9e, votre esth\\u00e9ticienne vous conseille l\\u2019\\u00e9pilation \\u00e0 la cire traditionnelle.</p><p><a href=\\\"http://vanesthetique.angel-belando.fr/\\\">Voir les tarifs</a></p>\", \"body_it\": \"<p>Per una pelle morbida e perfettamente rasata, la tua estetista ti consiglia di cerare con la cera tradizionale.</p><p><a href=\\\"http://vanesthetique.angel-belando.fr/\\\">Vedere i prezzi</a></p>\", \"gallery_images\": [{\"pk\": 11, \"sort_order\": 0, \"page\": null, \"image\": 5, \"caption\": \"\"}, {\"pk\": 13, \"sort_order\": 1, \"page\": null, \"image\": 13, \"caption\": \"\"}, {\"pk\": 12, \"sort_order\": 2, \"page\": null, \"image\": 12, \"caption\": \"\"}]}", "approved_go_live_at": null}}, {"model": "wagtailcore.grouppagepermission", "pk": 1, "fields": {"group": 1, "page": 1, "permission_type": "add"}}, {"model": "wagtailcore.grouppagepermission", "pk": 2, "fields": {"group": 1, "page": 1, "permission_type": "edit"}}, {"model": "wagtailcore.grouppagepermission", "pk": 3, "fields": {"group": 1, "page": 1, "permission_type": "publish"}}, {"model": "wagtailcore.grouppagepermission", "pk": 4, "fields": {"group": 2, "page": 1, "permission_type": "add"}}, {"model": "wagtailcore.grouppagepermission", "pk": 5, "fields": {"group": 2, "page": 1, "permission_type": "edit"}}, {"model": "wagtailcore.grouppagepermission", "pk": 6, "fields": {"group": 1, "page": 1, "permission_type": "lock"}}, {"model": "wagtailcore.groupcollectionpermission", "pk": 1, "fields": {"group": 1, "collection": 1, "permission": 1}}, {"model": "wagtailcore.groupcollectionpermission", "pk": 2, "fields": {"group": 2, "collection": 1, "permission": 1}}, {"model": "wagtailcore.groupcollectionpermission", "pk": 3, "fields": {"group": 1, "collection": 1, "permission": 2}}, {"model": "wagtailcore.groupcollectionpermission", "pk": 4, "fields": {"group": 2, "collection": 1, "permission": 2}}, {"model": "wagtailcore.groupcollectionpermission", "pk": 5, "fields": {"group": 1, "collection": 1, "permission": 5}}, {"model": "wagtailcore.groupcollectionpermission", "pk": 6, "fields": {"group": 2, "collection": 1, "permission": 5}}, {"model": "wagtailcore.groupcollectionpermission", "pk": 7, "fields": {"group": 1, "collection": 1, "permission": 6}}, {"model": "wagtailcore.groupcollectionpermission", "pk": 8, "fields": {"group": 2, "collection": 1, "permission": 6}}, {"model": "admin.logentry", "pk": 1, "fields": {"action_time": "2019-01-30T12:54:06.866Z", "user": 1, "content_type": 14, "object_id": "4", "object_repr": "Soins du visage", "action_flag": 2, "change_message": "[]"}}, {"model": "admin.logentry", "pk": 2, "fields": {"action_time": "2019-01-30T12:54:12.013Z", "user": 1, "content_type": 14, "object_id": "3", "object_repr": "Epilations", "action_flag": 2, "change_message": "[]"}}, {"model": "admin.logentry", "pk": 3, "fields": {"action_time": "2019-01-30T12:54:23.244Z", "user": 1, "content_type": 14, "object_id": "2", "object_repr": "Soins des Pieds", "action_flag": 2, "change_message": "[]"}}, {"model": "admin.logentry", "pk": 4, "fields": {"action_time": "2019-01-30T12:54:35.846Z", "user": 1, "content_type": 14, "object_id": "1", "object_repr": "Soins des ongles et des mains", "action_flag": 2, "change_message": "[{\"changed\": {\"fields\": [\"name\", \"description\"]}}]"}}, {"model": "admin.logentry", "pk": 5, "fields": {"action_time": "2019-02-08T13:02:10.194Z", "user": 1, "content_type": 14, "object_id": "2", "object_repr": "Soins des Pieds", "action_flag": 2, "change_message": "[{\"changed\": {\"fields\": [\"description\"]}}]"}}, {"model": "admin.logentry", "pk": 6, "fields": {"action_time": "2019-02-08T13:27:50.370Z", "user": 1, "content_type": 14, "object_id": "2", "object_repr": "Soins des Pieds", "action_flag": 2, "change_message": "[{\"changed\": {\"fields\": [\"description\"]}}]"}}, {"model": "admin.logentry", "pk": 7, "fields": {"action_time": "2019-02-08T13:28:23.804Z", "user": 1, "content_type": 14, "object_id": "2", "object_repr": "Soins des Pieds", "action_flag": 2, "change_message": "[]"}}, {"model": "admin.logentry", "pk": 8, "fields": {"action_time": "2019-02-08T13:35:01.067Z", "user": 1, "content_type": 14, "object_id": "4", "object_repr": "Soin du visage", "action_flag": 2, "change_message": "[{\"changed\": {\"fields\": [\"name\", \"name_it\", \"description\"]}}]"}}, {"model": "admin.logentry", "pk": 9, "fields": {"action_time": "2019-02-08T15:37:49.951Z", "user": 1, "content_type": 14, "object_id": "4", "object_repr": "Soin du visage", "action_flag": 2, "change_message": "[]"}}, {"model": "admin.logentry", "pk": 10, "fields": {"action_time": "2019-02-08T16:35:49.619Z", "user": 1, "content_type": 14, "object_id": "1", "object_repr": "Soins des mains", "action_flag": 2, "change_message": "[{\"changed\": {\"fields\": [\"name\"]}}]"}}, {"model": "admin.logentry", "pk": 11, "fields": {"action_time": "2019-02-08T16:39:56.713Z", "user": 1, "content_type": 13, "object_id": "16", "object_repr": "Aisselles", "action_flag": 2, "change_message": "[{\"changed\": {\"fields\": [\"name\"]}}]"}}, {"model": "admin.logentry", "pk": 12, "fields": {"action_time": "2019-03-08T17:40:17.854Z", "user": 1, "content_type": 14, "object_id": "2", "object_repr": "Soins des Pieds", "action_flag": 2, "change_message": "[]"}}, {"model": "admin.logentry", "pk": 13, "fields": {"action_time": "2019-03-08T17:40:40.908Z", "user": 1, "content_type": 14, "object_id": "2", "object_repr": "Soin des Pieds", "action_flag": 2, "change_message": "[{\"changed\": {\"fields\": [\"name\"]}}]"}}, {"model": "admin.logentry", "pk": 14, "fields": {"action_time": "2019-03-08T17:41:06.988Z", "user": 1, "content_type": 14, "object_id": "1", "object_repr": "Soin des mains", "action_flag": 2, "change_message": "[{\"changed\": {\"fields\": [\"name\"]}}]"}}, {"model": "admin.logentry", "pk": 15, "fields": {"action_time": "2019-03-08T17:41:47.493Z", "user": 1, "content_type": 14, "object_id": "6", "object_repr": "Soin du corps", "action_flag": 1, "change_message": "[{\"added\": {}}]"}}]